,date,open,high,low,close,volume,120,180,240
0,2018-11-13,3.86,4.03,3.86,4.02,7646870.0,,,
1,2018-11-14,4.0,4.06,3.96,4.02,6151079.0,,,
2,2018-11-15,4.04,4.08,4.01,4.07,6721995.0,,,
3,2018-11-16,4.05,4.12,4.05,4.1,5779589.0,,,
4,2018-11-19,4.1,4.12,4.05,4.11,4461124.0,,,
5,2018-11-20,4.08,4.13,3.95,3.97,4758736.0,,,
6,2018-11-21,3.92,4.01,3.91,4.01,3331274.0,,,
7,2018-11-22,4.03,4.04,3.99,4.02,2812573.0,,,
8,2018-11-23,4.02,4.04,3.74,3.74,5952827.0,,,
9,2018-11-26,3.74,3.84,3.74,3.81,4112709.0,,,
10,2018-11-27,3.83,3.88,3.82,3.87,2983744.0,,,
11,2018-11-28,3.87,3.93,3.77,3.92,3519713.0,,,
12,2018-11-29,3.94,4.04,3.87,3.87,4708591.0,,,
13,2018-11-30,3.88,3.92,3.82,3.91,3111917.0,,,
14,2018-12-03,3.97,4.03,3.95,4.0,4184332.0,,,
15,2018-12-04,4.0,4.04,3.96,4.04,4664479.0,,,
16,2018-12-05,3.99,4.0,3.94,3.98,3463211.0,,,
17,2018-12-06,3.99,4.0,3.94,3.94,3259098.0,,,
18,2018-12-07,3.95,3.97,3.92,3.94,1401511.0,,,
19,2018-12-10,3.93,3.94,3.84,3.85,2831525.0,,,
20,2018-12-11,3.86,3.89,3.82,3.85,1566827.0,,,
21,2018-12-12,3.85,3.87,3.82,3.84,2060883.0,,,
22,2018-12-13,3.86,3.91,3.84,3.9,2191562.0,,,
23,2018-12-14,3.9,3.9,3.76,3.78,2522749.0,,,
24,2018-12-17,3.77,3.79,3.7,3.74,2569502.0,,,
25,2018-12-18,3.71,3.77,3.71,3.75,2599200.0,,,
26,2018-12-19,3.75,3.75,3.66,3.68,2574222.0,,,
27,2018-12-20,3.67,3.7,3.65,3.69,1777444.0,,,
28,2018-12-21,3.69,3.69,3.62,3.64,2364002.0,,,
29,2018-12-24,3.61,3.67,3.61,3.66,1746707.0,,,
30,2018-12-25,3.64,3.64,3.46,3.56,3819741.0,,,
31,2018-12-26,3.55,3.59,3.54,3.58,2094900.0,,,
32,2018-12-27,3.62,3.64,3.52,3.52,2051001.0,,,
33,2018-12-28,3.54,3.59,3.53,3.56,2130501.0,,,
34,2019-01-02,3.57,3.58,3.52,3.53,1551600.0,,,
35,2019-01-03,3.55,3.61,3.53,3.57,1465500.0,,,
36,2019-01-04,3.55,3.66,3.54,3.65,2828327.0,,,
37,2019-01-07,3.67,3.74,3.67,3.7,3935010.0,,,
38,2019-01-08,3.7,3.83,3.69,3.76,6153848.0,,,
39,2019-01-09,3.76,3.82,3.74,3.75,3733000.0,,,
40,2019-01-10,3.76,3.8,3.74,3.76,2955920.0,,,
41,2019-01-11,3.76,3.79,3.74,3.76,2669400.0,,,
42,2019-01-14,3.77,3.87,3.76,3.79,4975868.0,,,
43,2019-01-15,3.8,3.81,3.74,3.8,5731448.0,,,
44,2019-01-16,3.77,3.82,3.77,3.77,3517553.0,,,
45,2019-01-17,3.78,3.84,3.75,3.77,4433400.0,,,
46,2019-01-18,3.76,3.86,3.76,3.82,5664429.0,,,
47,2019-01-21,3.8,3.83,3.78,3.81,3573201.0,,,
48,2019-01-22,3.81,3.82,3.73,3.75,3271301.0,,,
49,2019-01-23,3.76,3.77,3.72,3.76,3093397.0,,,
50,2019-01-24,3.76,3.78,3.71,3.77,2959654.0,,,
51,2019-01-25,3.78,3.78,3.7,3.71,2599700.0,,,
52,2019-01-28,3.73,3.75,3.65,3.66,3032454.0,,,
53,2019-01-29,3.65,3.67,3.52,3.6,3198401.0,,,
54,2019-01-30,3.6,3.62,3.56,3.56,2026801.0,,,
55,2019-01-31,3.55,3.6,3.49,3.52,3603287.0,,,
56,2019-02-01,3.54,3.6,3.51,3.58,2671656.0,,,
57,2019-02-11,3.59,3.68,3.59,3.67,2865620.0,,,
58,2019-02-12,3.68,3.75,3.67,3.75,4076345.0,,,
59,2019-02-13,3.75,3.8,3.72,3.79,4878549.0,,,
60,2019-02-14,3.77,3.81,3.76,3.78,3768379.0,,,
61,2019-02-15,3.79,3.85,3.77,3.78,3734800.0,,,
62,2019-02-18,3.81,3.91,3.79,3.89,7264526.0,,,
63,2019-02-19,3.9,3.94,3.84,3.89,6433696.0,,,
64,2019-02-20,3.88,3.91,3.85,3.88,5703803.0,,,
65,2019-02-21,3.89,4.02,3.87,3.99,16746006.0,,,
66,2019-02-22,4.39,4.39,4.39,4.39,20569838.0,,,
67,2019-02-25,4.82,4.82,4.82,4.82,4187036.0,,,
68,2019-02-26,5.3,5.3,5.05,5.3,103867093.0,,,
69,2019-02-27,4.98,5.12,4.77,4.77,58798460.0,,,
70,2019-02-28,4.58,4.78,4.51,4.65,37813105.0,,,
71,2019-03-01,4.63,4.75,4.59,4.69,29619115.0,,,
72,2019-03-04,4.69,4.82,4.6,4.74,41267653.0,,,
73,2019-03-05,4.67,5.11,4.62,5.01,47320316.0,,,
74,2019-03-06,5.01,5.19,4.9,5.05,43047960.0,,,
75,2019-03-07,4.99,5.16,4.93,5.11,40744630.0,,,
76,2019-03-08,4.96,5.07,4.67,4.68,32184431.0,,,
77,2019-03-11,4.75,4.87,4.67,4.87,20005594.0,,,
78,2019-03-12,5.02,5.07,4.85,4.97,28339363.0,,,
79,2019-03-13,4.98,4.99,4.73,4.78,18304266.0,,,
80,2019-03-14,4.71,4.85,4.61,4.72,13933862.0,,,
81,2019-03-15,4.73,4.89,4.73,4.8,12495185.0,,,
82,2019-03-18,4.84,5.07,4.84,5.03,25111231.0,,,
83,2019-03-19,5.03,5.11,4.93,5.03,18656123.0,,,
84,2019-03-20,5.29,5.54,5.29,5.54,14881157.0,,,
85,2019-03-21,6.1,6.1,6.1,6.1,5427594.0,,,
86,2019-03-22,6.71,6.71,6.17,6.18,143705764.0,,,
87,2019-03-25,5.6,5.87,5.56,5.57,76340763.0,,,
88,2019-03-26,5.5,5.56,5.31,5.34,38641747.0,,,
89,2019-03-27,5.4,5.63,5.14,5.62,43110867.0,,,
90,2019-03-28,5.48,5.57,5.29,5.31,28875247.0,,,
91,2019-03-29,5.3,5.47,5.2,5.38,22305120.0,,,
92,2019-04-01,5.45,5.63,5.38,5.6,29194090.0,,,
93,2019-04-02,5.64,5.67,5.51,5.53,27403839.0,,,
94,2019-04-03,5.51,5.57,5.41,5.55,20915852.0,,,
95,2019-04-04,5.58,5.83,5.46,5.7,39746346.0,,,
96,2019-04-08,5.72,5.79,5.52,5.61,24957994.0,,,
97,2019-04-09,5.59,5.88,5.42,5.73,33788144.0,,,
98,2019-04-10,5.64,5.8,5.59,5.67,25868702.0,,,
99,2019-04-11,5.63,5.83,5.54,5.61,20695709.0,,,
100,2019-04-12,5.61,5.78,5.58,5.68,18106316.0,,,
101,2019-04-15,5.81,5.86,5.63,5.65,16946164.0,,,
102,2019-04-16,5.61,5.65,5.31,5.63,25258760.0,,,
103,2019-04-17,5.59,5.63,5.49,5.52,19396662.0,,,
104,2019-04-18,5.52,5.72,5.44,5.65,22282965.0,,,
105,2019-04-19,5.71,5.8,5.51,5.79,31132455.0,,,
106,2019-04-22,5.82,5.87,5.59,5.59,23528583.0,,,
107,2019-04-23,5.63,6.15,5.6,6.15,26490867.0,,,
108,2019-04-24,5.98,6.1,5.74,5.88,51655946.0,,,
109,2019-04-25,5.73,5.75,5.29,5.3,41764985.0,,,
110,2019-04-26,5.18,5.19,4.99,5.08,19063062.0,,,
111,2019-04-29,5.01,5.14,4.67,4.68,18659457.0,,,
112,2019-04-30,4.74,4.88,4.74,4.8,9651143.0,,,
113,2019-05-06,4.7,4.73,4.34,4.41,13530400.0,,,
114,2019-05-07,4.47,4.56,4.36,4.52,8854020.0,,,
115,2019-05-08,4.43,4.61,4.4,4.56,9685178.0,,,
116,2019-05-09,4.51,4.58,4.47,4.49,7055683.0,,,
117,2019-05-10,4.52,4.65,4.44,4.64,14132200.0,,,
118,2019-05-13,4.59,4.88,4.55,4.76,14028009.0,,,
119,2019-05-14,4.66,4.74,4.62,4.67,8758540.0,4.428416666666665,,
120,2019-05-15,5.14,5.14,5.14,5.14,5562032.0,4.4377499999999985,,
121,2019-05-16,5.66,5.66,5.31,5.66,74277671.0,4.451416666666665,,
122,2019-05-17,5.28,5.57,5.1,5.32,66180068.0,4.461833333333332,,
123,2019-05-20,5.16,5.27,4.9,5.03,36017660.0,4.469583333333332,,
124,2019-05-21,4.95,5.22,4.93,5.13,30687264.0,4.478083333333331,,
125,2019-05-22,5.04,5.16,4.93,5.04,24684226.0,4.486999999999997,,
126,2019-05-23,4.98,4.99,4.68,4.68,24626565.0,4.4925833333333305,,
127,2019-05-24,4.61,4.79,4.61,4.72,12073966.0,4.498416666666665,,
128,2019-05-27,4.71,4.87,4.61,4.87,15109661.0,4.507833333333331,,
129,2019-05-28,4.84,5.01,4.78,4.8,17846603.0,4.516083333333331,,
130,2019-05-29,4.84,4.89,4.79,4.81,13054000.0,4.523916666666664,,
131,2019-05-30,4.6,5.13,4.6,4.94,26870363.0,4.5324166666666645,,
132,2019-05-31,4.91,5.02,4.83,4.83,19703609.0,4.5404166666666645,,
133,2019-06-03,4.83,4.96,4.62,4.65,14927931.0,4.546583333333332,,
134,2019-06-04,4.68,4.72,4.55,4.57,11272903.0,4.551333333333332,,
135,2019-06-05,4.64,4.72,4.59,4.61,11023522.0,4.556083333333333,,
136,2019-06-06,4.7,4.72,4.57,4.59,10853813.0,4.561166666666666,,
137,2019-06-10,4.54,4.82,4.44,4.7,16941060.0,4.567499999999999,,
138,2019-06-11,4.66,4.96,4.64,4.91,23427712.0,4.575583333333332,,
139,2019-06-12,4.88,5.13,4.8,5.08,34305907.0,4.585833333333332,,
140,2019-06-13,5.02,5.07,4.91,5.04,22384496.0,4.595749999999998,,
141,2019-06-14,5.03,5.05,4.74,4.76,20314054.0,4.603416666666664,,
142,2019-06-17,4.81,4.91,4.78,4.82,11019267.0,4.611083333333331,,
143,2019-06-18,4.86,5.3,4.84,5.3,37683614.0,4.6237499999999985,,
144,2019-06-19,5.83,5.83,5.4,5.83,86929391.0,4.641166666666665,,
145,2019-06-20,5.78,5.78,5.35,5.62,99760514.0,4.656749999999999,,
146,2019-06-21,5.6,6.03,5.5,5.63,87126569.0,4.672999999999999,,
147,2019-06-24,5.77,6.2,5.63,6.07,117460693.0,4.692833333333332,,
148,2019-06-25,5.67,5.67,5.46,5.46,82788504.0,4.707999999999999,,
149,2019-06-26,5.3,5.54,5.29,5.43,32674922.0,4.72275,,
150,2019-06-27,5.56,5.56,5.31,5.46,34388894.0,4.738583333333334,,
151,2019-06-28,5.43,5.46,5.25,5.34,24581427.0,4.7532499999999995,,
152,2019-07-01,5.44,5.47,5.33,5.43,27881223.0,4.769166666666666,,
153,2019-07-02,5.46,5.46,5.32,5.36,16577710.0,4.784166666666667,,
154,2019-07-03,5.31,5.33,5.2,5.23,18678086.0,4.798333333333334,,
155,2019-07-04,5.23,5.26,5.13,5.14,14044299.0,4.811416666666667,,
156,2019-07-05,5.18,5.23,5.13,5.22,10843359.0,4.8245000000000005,,
157,2019-07-08,5.21,5.22,4.85,4.92,19750509.0,4.834666666666666,,
158,2019-07-09,4.9,5.0,4.88,4.97,11100320.0,4.84475,,
159,2019-07-10,4.97,5.01,4.89,4.91,7943519.0,4.854416666666666,,
160,2019-07-11,4.95,5.03,4.91,4.97,9619533.0,4.8645000000000005,,
161,2019-07-12,4.97,5.04,4.95,4.98,9673415.0,4.874666666666667,,
162,2019-07-15,4.96,5.16,4.82,5.08,14222138.0,4.885416666666668,,
163,2019-07-16,5.07,5.13,5.03,5.12,8674763.0,4.896416666666668,,
164,2019-07-17,5.12,5.22,5.07,5.19,12509747.0,4.908250000000002,,
165,2019-07-18,5.17,5.19,5.06,5.08,11138389.0,4.919166666666669,,
166,2019-07-19,5.07,5.17,5.01,5.03,10783882.0,4.9292500000000015,,
167,2019-07-22,5.02,5.07,4.81,4.89,10732368.0,4.938250000000002,,
168,2019-07-23,4.9,4.98,4.89,4.93,6006408.0,4.948083333333335,,
169,2019-07-24,4.99,5.09,4.98,5.07,10856442.0,4.959000000000002,,
170,2019-07-25,5.09,5.1,4.99,5.02,8033410.0,4.969416666666669,,
171,2019-07-26,5.02,5.07,4.99,5.05,7108533.0,4.9805833333333345,,
172,2019-07-29,5.05,5.07,4.93,4.97,9154910.0,4.991500000000002,,
173,2019-07-30,4.97,5.04,4.95,4.99,7607300.0,5.003083333333335,,
174,2019-07-31,4.95,4.97,4.88,4.9,7075609.0,5.014250000000002,,
175,2019-08-01,4.86,4.92,4.84,4.89,4585181.0,5.025666666666669,,
176,2019-08-02,4.8,4.84,4.72,4.79,8759970.0,5.035750000000002,,
177,2019-08-05,4.82,4.84,4.73,4.75,6274656.0,5.044750000000002,,
178,2019-08-06,4.65,4.65,4.36,4.47,14136072.0,5.0507500000000025,,
179,2019-08-07,4.5,4.68,4.48,4.56,9137700.0,5.057166666666669,4.634222222222222,
180,2019-08-08,4.58,4.61,4.51,4.56,4811500.0,5.063666666666668,4.6372222222222215,
181,2019-08-09,4.59,4.61,4.46,4.47,5023000.0,5.069416666666669,4.639722222222222,
182,2019-08-12,4.51,4.56,4.47,4.56,3728393.0,5.075000000000002,4.642444444444444,
183,2019-08-13,4.49,4.52,4.45,4.47,4691802.0,5.079833333333336,4.644499999999999,
184,2019-08-14,4.51,4.57,4.49,4.51,6209146.0,5.085083333333335,4.6467222222222215,
185,2019-08-15,4.41,4.56,4.35,4.54,10002013.0,5.089666666666669,4.649888888888888,
186,2019-08-16,4.53,4.65,4.52,4.59,8161303.0,5.091333333333336,4.6531111111111105,
187,2019-08-19,4.63,4.69,4.59,4.69,7763948.0,5.090250000000002,4.656833333333333,
188,2019-08-20,4.68,4.7,4.6,4.61,10871912.0,5.084500000000003,4.661666666666666,
189,2019-08-21,4.62,4.64,4.55,4.56,7367432.0,5.0827500000000025,4.665833333333333,
190,2019-08-22,4.59,4.7,4.53,4.66,11001844.0,5.082833333333336,4.670222222222222,
191,2019-08-23,4.69,4.79,4.59,4.79,14253591.0,5.0836666666666686,4.675055555555555,
192,2019-08-26,4.35,4.52,4.35,4.46,24228940.0,5.081333333333335,4.678333333333333,
193,2019-08-27,4.48,4.53,4.43,4.48,15306980.0,5.076916666666668,4.6815,
194,2019-08-28,4.48,4.52,4.39,4.42,10697676.0,5.071666666666669,4.683833333333333,
195,2019-08-29,4.43,4.43,4.28,4.31,15851692.0,5.065000000000001,4.6853333333333325,
196,2019-08-30,4.32,4.34,4.06,4.11,20131870.0,5.060250000000002,4.686055555555555,
197,2019-09-02,4.13,4.19,4.07,4.15,9533608.0,5.0542500000000015,4.687222222222221,
198,2019-09-03,4.16,4.18,4.12,4.15,7316426.0,5.047416666666668,4.688388888888888,
199,2019-09-04,4.14,4.18,4.11,4.18,8180040.0,5.042416666666668,4.6902222222222205,
200,2019-09-05,4.2,4.31,4.2,4.26,13774858.0,5.038583333333334,4.692499999999998,
201,2019-09-06,4.24,4.32,4.22,4.26,7132733.0,5.034083333333334,4.694833333333331,
202,2019-09-09,4.28,4.34,4.25,4.34,10986035.0,5.028333333333335,4.697277777777776,
203,2019-09-10,4.36,4.51,4.32,4.44,19744772.0,5.023416666666669,4.700944444444443,
204,2019-09-11,4.43,4.46,4.35,4.43,15274499.0,5.014166666666669,4.704777777777776,
205,2019-09-12,4.43,4.47,4.37,4.44,11486513.0,5.0003333333333355,4.70861111111111,
206,2019-09-16,4.52,4.58,4.41,4.44,10134300.0,4.9858333333333364,4.712833333333332,
207,2019-09-17,4.41,4.42,4.26,4.31,10701800.0,4.975333333333336,4.716277777777776,
208,2019-09-18,4.33,4.33,4.21,4.23,7591433.0,4.966083333333335,4.719555555555554,
209,2019-09-19,4.24,4.27,4.2,4.25,6786900.0,4.954666666666669,4.722833333333332,
210,2019-09-20,4.25,4.28,4.18,4.21,6976300.0,4.945500000000004,4.726444444444444,
211,2019-09-23,4.23,4.23,4.1,4.14,6663998.0,4.93516666666667,4.729555555555555,
212,2019-09-24,4.13,4.19,4.13,4.14,5109600.0,4.923000000000003,4.732999999999999,
213,2019-09-25,4.12,4.12,4.03,4.05,8415904.0,4.910666666666669,4.735722222222221,
214,2019-09-26,4.05,4.08,3.93,3.95,7261200.0,4.897333333333337,4.7380555555555555,
215,2019-09-27,3.97,4.02,3.94,3.98,3490200.0,4.883000000000004,4.740333333333333,
216,2019-09-30,3.96,3.99,3.9,3.9,3996200.0,4.868750000000003,4.741722222222221,
217,2019-10-08,3.96,3.96,3.91,3.93,3291100.0,4.8537500000000025,4.7429999999999986,
218,2019-10-09,3.93,3.95,3.86,3.95,3771019.0,4.839416666666669,4.744055555555555,
219,2019-10-10,3.95,4.01,3.91,4.0,4743801.0,4.826000000000003,4.745444444444444,
220,2019-10-11,4.0,4.04,3.95,4.02,4332095.0,4.81216666666667,4.746888888888888,
221,2019-10-14,4.05,4.08,4.02,4.06,4877800.0,4.79891666666667,4.748555555555554,
222,2019-10-15,4.07,4.07,3.99,3.99,4231801.0,4.785250000000003,4.749666666666665,
223,2019-10-16,4.0,4.04,3.95,3.97,4469200.0,4.772333333333337,4.750611111111111,
224,2019-10-17,4.0,4.04,3.98,4.0,3930891.0,4.758583333333337,4.751888888888889,
225,2019-10-18,3.98,4.0,3.88,3.9,5578600.0,4.742833333333337,4.7526111111111105,
226,2019-10-21,3.92,3.94,3.85,3.9,2956600.0,4.728750000000003,4.753055555555554,
227,2019-10-22,3.89,3.95,3.88,3.93,2295400.0,4.710250000000003,4.753722222222222,
228,2019-10-23,3.92,3.94,3.88,3.9,2531101.0,4.693750000000003,4.754555555555554,
229,2019-10-24,3.91,3.91,3.85,3.88,3633891.0,4.68191666666667,4.755222222222221,
230,2019-10-25,3.88,3.88,3.81,3.86,3770584.0,4.671750000000003,4.7557222222222215,
231,2019-10-28,3.82,3.93,3.81,3.93,4550092.0,4.665500000000003,4.756944444444443,
232,2019-10-29,3.92,3.92,3.83,3.84,3886500.0,4.657500000000003,4.757944444444443,
233,2019-10-30,3.85,3.85,3.71,3.73,5648988.0,4.651833333333338,4.758666666666666,
234,2019-10-31,3.71,3.75,3.65,3.66,4154601.0,4.64466666666667,4.759222222222221,
235,2019-11-01,3.63,3.72,3.62,3.71,2984750.0,4.637583333333338,4.760277777777778,
236,2019-11-04,3.71,3.72,3.68,3.68,3057200.0,4.630833333333338,4.760833333333332,
237,2019-11-05,3.68,3.7,3.63,3.69,4349904.0,4.622916666666671,4.760944444444444,
238,2019-11-06,3.7,3.77,3.67,3.68,3678200.0,4.613916666666671,4.7605555555555545,
239,2019-11-07,3.69,3.7,3.65,3.67,2600500.0,4.605583333333338,4.759888888888888,4.517000000000002
240,2019-11-08,3.69,3.7,3.65,3.66,2546630.0,4.593250000000004,4.759222222222221,4.515500000000003
241,2019-11-11,3.68,3.69,3.54,3.55,4376101.0,4.575666666666671,4.757944444444443,4.5135416666666694
242,2019-11-12,3.54,3.57,3.5,3.53,2850041.0,4.560750000000003,4.755944444444443,4.511291666666669
243,2019-11-13,3.53,3.53,3.48,3.49,2298200.0,4.54791666666667,4.753722222222222,4.508750000000004
244,2019-11-14,3.5,3.53,3.49,3.53,1862419.0,4.5345833333333365,4.751777777777777,4.506333333333337
245,2019-11-15,3.53,3.54,3.43,3.43,3921701.0,4.52116666666667,4.748666666666665,4.504083333333337
246,2019-11-18,3.43,3.5,3.42,3.47,3453529.0,4.511083333333337,4.743555555555554,4.501833333333337
247,2019-11-19,3.47,3.57,3.46,3.56,3633186.0,4.50141666666667,4.736555555555554,4.49991666666667
248,2019-11-20,3.57,3.61,3.54,3.56,2737386.0,4.490500000000003,4.726888888888888,4.49916666666667
249,2019-11-21,3.55,3.57,3.52,3.57,2636386.0,4.480250000000003,4.720222222222221,4.498166666666671
250,2019-11-22,3.55,3.66,3.55,3.58,4365472.0,4.470000000000004,4.7142777777777765,4.496958333333337
251,2019-11-25,3.57,3.7,3.56,3.69,5603849.0,4.459583333333338,4.708722222222221,4.496000000000004
252,2019-11-26,3.68,3.71,3.64,3.67,4421600.0,4.44991666666667,4.702777777777777,4.495166666666671
253,2019-11-27,3.66,3.75,3.65,3.67,4058100.0,4.441750000000003,4.695333333333332,4.494166666666671
254,2019-11-28,3.64,3.71,3.63,3.69,4182455.0,4.43441666666667,4.687777777777777,4.492875000000004
255,2019-11-29,3.68,3.73,3.66,3.71,3467303.0,4.426916666666671,4.679999999999999,4.491500000000005
256,2019-12-02,3.71,4.07,3.71,3.76,10390283.0,4.4200000000000035,4.674888888888888,4.490583333333338
257,2019-12-03,3.77,3.77,3.66,3.72,5685782.0,4.411833333333337,4.6685,4.489666666666671
258,2019-12-04,3.68,3.7,3.66,3.67,3253710.0,4.401500000000003,4.661277777777777,4.488541666666672
259,2019-12-05,3.69,3.69,3.63,3.66,3737800.0,4.3896666666666695,4.655055555555554,4.4877500000000055
260,2019-12-06,3.65,3.67,3.63,3.66,2242001.0,4.37816666666667,4.649166666666665,4.486958333333339
261,2019-12-09,3.65,3.72,3.65,3.7,3022554.0,4.369333333333336,4.643055555555555,4.486375000000007
262,2019-12-10,3.7,3.73,3.69,3.73,3477148.0,4.360250000000003,4.635833333333333,4.485666666666673
263,2019-12-11,3.73,3.74,3.66,3.67,2866600.0,4.346666666666669,4.628277777777777,4.485208333333341
264,2019-12-12,3.69,3.69,3.63,3.63,2261407.0,4.328333333333336,4.617666666666667,4.484750000000007
265,2019-12-13,3.66,3.68,3.64,3.66,2540230.0,4.312000000000002,4.60411111111111,4.484375000000008
266,2019-12-16,3.67,3.71,3.65,3.7,4027100.0,4.2959166666666695,4.590333333333334,4.4844583333333405
267,2019-12-17,3.74,3.76,3.71,3.75,5884061.0,4.276583333333336,4.580222222222222,4.484708333333341
268,2019-12-18,3.73,3.77,3.73,3.75,4249600.0,4.262333333333336,4.5713888888888885,4.485166666666673
269,2019-12-19,3.76,3.77,3.73,3.77,4982451.0,4.248500000000003,4.561111111111111,4.485625000000007
270,2019-12-20,3.76,3.78,3.74,3.75,3735198.0,4.234250000000004,4.552444444444444,4.486416666666673
271,2019-12-23,3.74,3.75,3.65,3.66,5983500.0,4.220250000000004,4.542888888888888,4.486750000000007
272,2019-12-24,3.66,3.69,3.65,3.67,2629203.0,4.205583333333338,4.532166666666666,4.487375000000008
273,2019-12-25,3.67,3.7,3.66,3.68,4002402.0,4.191583333333337,4.5218888888888875,4.487875000000008
274,2019-12-26,3.68,3.69,3.64,3.67,3823800.0,4.1785833333333375,4.511444444444444,4.488458333333342
275,2019-12-27,3.67,3.72,3.66,3.69,6167294.0,4.166500000000004,4.500277777777777,4.4889583333333425
276,2019-12-30,3.67,3.67,3.54,3.61,7008379.0,4.1530833333333375,4.489166666666666,4.488791666666675
277,2019-12-31,3.6,3.63,3.59,3.62,3457611.0,4.142250000000003,4.477444444444443,4.488458333333341
278,2020-01-02,3.64,3.73,3.64,3.73,8413164.0,4.131916666666671,4.466666666666666,4.488333333333341
279,2020-01-03,3.75,3.79,3.71,3.75,7268949.0,4.122250000000004,4.456333333333332,4.488333333333341
280,2020-01-06,3.74,3.84,3.72,3.83,10859047.0,4.112750000000003,4.446055555555556,4.488625000000008
281,2020-01-07,3.82,3.88,3.81,3.88,7938136.0,4.1035833333333365,4.436222222222222,4.489125000000008
282,2020-01-08,3.91,3.93,3.78,3.78,11254414.0,4.092750000000003,4.425944444444444,4.489083333333341
283,2020-01-09,3.8,3.83,3.78,3.82,6930749.0,4.081916666666669,4.4165,4.489166666666675
284,2020-01-10,3.79,3.83,3.79,3.82,5141430.0,4.070500000000003,4.406333333333334,4.489375000000008
285,2020-01-13,3.81,3.81,3.77,3.8,3865501.0,4.059833333333336,4.395277777777778,4.489500000000008
286,2020-01-14,3.81,3.84,3.79,3.82,5300779.0,4.049750000000003,4.385444444444445,4.489500000000008
287,2020-01-15,3.83,3.84,3.77,3.78,3968505.0,4.040500000000003,4.372277777777779,4.489375000000008
288,2020-01-16,3.77,3.81,3.68,3.68,5610800.0,4.030083333333336,4.360055555555556,4.489083333333341
289,2020-01-17,3.7,3.72,3.63,3.63,5274100.0,4.018083333333336,4.350777777777778,4.488541666666675
290,2020-01-20,3.48,3.57,3.46,3.55,9411117.0,4.005833333333337,4.3422777777777775,4.487625000000008
291,2020-01-21,3.54,3.55,3.48,3.48,5882892.0,3.992750000000003,4.3356111111111115,4.486666666666675
292,2020-01-22,3.51,3.52,3.39,3.46,5107433.0,3.9801666666666695,4.328166666666667,4.485833333333342
293,2020-01-23,3.46,3.47,3.36,3.38,7077302.0,3.966750000000003,4.322444444444446,4.484916666666676
294,2020-02-03,3.04,3.04,3.04,3.04,1761100.0,3.951250000000003,4.314222222222223,4.482750000000009
295,2020-02-04,2.74,2.94,2.74,2.89,10380835.0,3.9345833333333364,4.304944444444446,4.48012500000001
296,2020-02-05,2.9,2.99,2.89,2.95,6990030.0,3.919250000000003,4.29638888888889,4.47750000000001
297,2020-02-06,2.95,3.0,2.94,2.98,5580428.0,3.904500000000003,4.287166666666669,4.474625000000009
298,2020-02-07,2.98,3.02,2.95,2.99,4550329.0,3.8921666666666694,4.277333333333335,4.471458333333343
299,2020-02-10,2.99,3.03,2.97,3.03,5769970.0,3.8794166666666694,4.268222222222224,4.468291666666676
300,2020-02-11,3.03,3.09,3.02,3.05,4984564.0,3.8668333333333362,4.256611111111113,4.46525000000001
301,2020-02-12,3.04,3.21,3.03,3.19,9621669.0,3.856166666666669,4.242888888888891,4.462791666666677
302,2020-02-13,3.18,3.19,3.08,3.09,8836603.0,3.843916666666669,4.230500000000002,4.459458333333343
303,2020-02-14,3.05,3.12,3.05,3.1,5436901.0,3.8325000000000022,4.21977777777778,4.456166666666675
304,2020-02-17,3.15,3.19,3.1,3.19,6395016.0,3.821500000000002,4.209000000000002,4.453291666666675
305,2020-02-18,3.18,3.24,3.16,3.22,6500816.0,3.8105000000000024,4.198888888888892,4.450083333333342
306,2020-02-19,3.23,3.27,3.2,3.23,6718410.0,3.7991666666666695,4.1908333333333365,4.445250000000008
307,2020-02-20,3.24,3.55,3.23,3.55,14206765.0,3.7896666666666694,4.184333333333337,4.439958333333341
308,2020-02-21,3.59,3.7,3.45,3.45,26567265.0,3.7800000000000025,4.1764444444444475,4.432250000000009
309,2020-02-24,3.5,3.57,3.44,3.54,19591268.0,3.7715000000000027,4.169444444444448,4.427125000000008
310,2020-02-25,3.41,3.77,3.33,3.59,23364879.0,3.762583333333336,4.16266666666667,4.4227083333333415
311,2020-02-26,3.5,3.73,3.4,3.67,21537537.0,3.753250000000002,4.1556111111111145,4.418458333333342
312,2020-02-27,3.66,3.69,3.54,3.56,13647606.0,3.7457500000000024,4.148555555555558,4.413541666666674
313,2020-02-28,3.41,3.5,3.27,3.29,12407610.0,3.735833333333336,4.141000000000003,4.406375000000008
314,2020-03-02,3.35,3.4,3.32,3.38,6232342.0,3.727166666666669,4.134388888888891,4.399416666666675
315,2020-03-03,3.41,3.48,3.39,3.4,6958127.0,3.7195833333333352,4.127666666666669,4.392291666666676
316,2020-03-04,3.41,3.47,3.37,3.43,4986146.0,3.7139166666666688,4.121222222222224,4.387083333333342
317,2020-03-05,3.47,3.56,3.43,3.56,10856324.0,3.7090000000000023,4.11488888888889,4.381625000000009
318,2020-03-06,3.53,3.59,3.49,3.55,7913099.0,3.7040000000000024,4.107333333333334,4.375708333333342
319,2020-03-09,3.5,3.62,3.41,3.5,10118102.0,3.698333333333336,4.098555555555556,4.370375000000009
320,2020-03-10,3.42,3.62,3.35,3.56,13892072.0,3.6925000000000026,4.090333333333334,4.365541666666675
321,2020-03-11,3.56,3.64,3.52,3.53,9710202.0,3.686416666666669,4.083500000000001,4.360250000000009
322,2020-03-12,3.49,3.52,3.38,3.41,9159650.0,3.6786666666666696,4.075666666666667,4.353500000000009
323,2020-03-13,3.24,3.36,3.2,3.32,7033201.0,3.669333333333336,4.0646666666666675,4.346375000000009
324,2020-03-16,3.39,3.39,3.2,3.21,5427401.0,3.6591666666666693,4.050111111111112,4.336666666666676
325,2020-03-17,3.2,3.27,3.1,3.22,5192621.0,3.6490000000000027,4.036777777777778,4.324666666666676
326,2020-03-18,3.25,3.28,3.14,3.15,4075120.0,3.6382500000000024,4.023000000000001,4.312041666666676
327,2020-03-19,3.08,3.16,2.99,3.09,10980978.0,3.6280833333333358,4.006444444444445,4.301708333333343
328,2020-03-20,3.12,3.15,3.08,3.12,4181413.0,3.6188333333333356,3.9934444444444446,4.292458333333343
329,2020-03-23,3.04,3.11,3.01,3.02,3926800.0,3.6085833333333355,3.980055555555556,4.28162500000001
330,2020-03-24,3.06,3.09,3.0,3.06,3425550.0,3.5990000000000024,3.9667222222222223,4.27225000000001
331,2020-03-25,3.1,3.18,3.1,3.15,5255709.0,3.590750000000002,3.9545555555555554,4.262958333333343
332,2020-03-26,3.16,3.18,3.12,3.14,3085168.0,3.582416666666669,3.9418333333333333,4.252708333333343
333,2020-03-27,3.17,3.19,3.12,3.12,2928200.0,3.5746666666666687,3.9293888888888886,4.242666666666677
334,2020-03-30,3.11,3.11,3.01,3.05,4494912.0,3.5671666666666693,3.917277777777777,4.23225000000001
335,2020-03-31,3.1,3.1,3.02,3.04,3132420.0,3.5593333333333357,3.9056111111111105,4.221166666666677
336,2020-04-01,3.03,3.06,3.01,3.01,2314189.0,3.5519166666666693,3.8933333333333326,4.2103333333333435
337,2020-04-02,3.0,3.06,2.98,3.06,3245551.0,3.5446666666666693,3.882999999999999,4.199208333333343
338,2020-04-03,3.05,3.07,3.0,3.02,3471700.0,3.536916666666669,3.8721666666666654,4.188166666666676
339,2020-04-07,3.05,3.1,3.04,3.09,3789622.0,3.5293333333333354,3.8620555555555547,4.177666666666677
340,2020-04-08,3.09,3.15,3.06,3.11,4405380.0,3.5217500000000026,3.851722222222221,4.166958333333343
341,2020-04-09,3.14,3.17,3.12,3.15,3647110.0,3.514166666666669,3.8415555555555545,4.156541666666677
342,2020-04-10,3.16,3.17,3.06,3.07,3442150.0,3.506500000000002,3.830388888888888,4.14587500000001
343,2020-04-13,3.06,3.06,3.01,3.02,2361400.0,3.498583333333335,3.818722222222221,4.135458333333344
344,2020-04-14,3.04,3.08,3.04,3.07,2153450.0,3.490833333333335,3.806944444444443,4.124708333333344
345,2020-04-15,3.08,3.11,3.06,3.07,2658526.0,3.4839166666666683,3.7957777777777766,4.113375000000011
346,2020-04-16,3.08,3.14,3.03,3.1,3853132.0,3.4772500000000024,3.7850555555555547,4.103000000000011
347,2020-04-17,3.1,3.13,3.08,3.09,2348607.0,3.470250000000002,3.775055555555555,4.090250000000011
348,2020-04-20,3.1,3.1,3.05,3.06,2205999.0,3.463250000000002,3.764666666666666,4.078500000000011
349,2020-04-21,3.06,3.08,3.04,3.07,2701202.0,3.4565000000000023,3.753555555555555,4.069208333333345
350,2020-04-22,3.04,3.08,3.01,3.07,2466271.0,3.4499166666666685,3.742722222222222,4.060833333333345
351,2020-04-23,3.07,3.13,3.07,3.11,3760608.0,3.4430833333333353,3.7319444444444443,4.054291666666678
352,2020-04-24,3.11,3.14,3.07,3.09,4776214.0,3.436833333333335,3.7215,4.047166666666679
353,2020-04-27,3.09,3.11,3.06,3.08,4266293.0,3.4314166666666686,3.710888888888889,4.041625000000012
354,2020-04-28,3.07,3.08,2.89,2.94,7425500.0,3.4254166666666683,3.7000000000000006,4.03504166666668
355,2020-04-29,2.96,2.98,2.92,2.96,3091050.0,3.4191666666666682,3.6892777777777788,4.028375000000013
356,2020-04-30,2.97,3.03,2.96,3.02,3967314.0,3.413666666666668,3.6794444444444454,4.022250000000013
357,2020-05-06,2.99,3.06,2.97,3.05,4222677.0,3.4083333333333345,3.670000000000001,4.015625000000012
358,2020-05-07,3.04,3.07,3.03,3.03,2287611.0,3.402916666666668,3.6620000000000004,4.00841666666668
359,2020-05-08,3.04,3.23,3.03,3.14,8655538.0,3.3985000000000007,3.6541111111111118,4.002041666666679
360,2020-05-11,3.1,3.19,3.09,3.15,7341213.0,3.3942500000000004,3.6462777777777786,3.993750000000013
361,2020-05-12,3.15,3.16,3.06,3.1,4465713.0,3.3905000000000007,3.6386666666666674,3.9830833333333464
362,2020-05-13,3.12,3.12,3.07,3.11,2780200.0,3.387000000000001,3.6306111111111123,3.973875000000013
363,2020-05-14,3.1,3.11,3.06,3.08,3046100.0,3.383583333333334,3.62288888888889,3.965750000000013
364,2020-05-15,3.08,3.1,3.07,3.08,2694601.0,3.3798333333333344,3.614944444444446,3.9572083333333468
365,2020-05-18,3.21,3.37,3.13,3.13,11367984.0,3.377333333333334,3.607111111111113,3.9492500000000135
366,2020-05-19,3.15,3.19,3.11,3.17,8360130.0,3.374833333333334,3.5992222222222234,3.9429583333333467
367,2020-05-20,3.16,3.34,3.14,3.32,19923698.0,3.372833333333334,3.5916111111111126,3.9371250000000138
368,2020-05-21,3.23,3.33,3.23,3.28,10547811.0,3.3705000000000003,3.5842222222222233,3.9305000000000136
369,2020-05-22,3.25,3.6,3.25,3.48,24748756.0,3.3697500000000007,3.5782222222222235,3.9250000000000136
370,2020-05-25,3.47,3.83,3.42,3.67,45703075.0,3.3705000000000007,3.5727222222222235,3.920250000000014
371,2020-05-26,3.52,3.65,3.5,3.61,29898673.0,3.369833333333334,3.5661666666666685,3.914708333333347
372,2020-05-27,3.57,3.58,3.42,3.47,21195542.0,3.3681666666666676,3.5606666666666684,3.9090416666666803
373,2020-05-28,3.45,3.55,3.38,3.45,16310450.0,3.3663333333333343,3.5549444444444465,3.9040416666666804
374,2020-05-29,3.45,3.49,3.4,3.48,12114871.0,3.3645833333333344,3.549722222222224,3.8995000000000135
375,2020-06-01,3.44,3.52,3.4,3.52,14891873.0,3.363000000000001,3.545333333333336,3.894958333333347
376,2020-06-02,3.51,3.65,3.45,3.6,19386402.0,3.3616666666666677,3.542500000000002,3.890833333333347
377,2020-06-03,3.55,3.69,3.47,3.49,15438967.0,3.359750000000001,3.538833333333336,3.88579166666668
378,2020-06-04,3.48,3.48,3.37,3.39,11913075.0,3.3574166666666674,3.5346111111111136,3.8794583333333468
379,2020-06-05,3.39,3.42,3.33,3.37,8589999.0,3.355000000000001,3.530111111111114,3.8723333333333465
380,2020-06-08,3.37,3.41,3.29,3.3,10160083.0,3.3520000000000008,3.5247777777777807,3.8650833333333465
381,2020-06-09,3.3,3.34,3.29,3.31,5808544.0,3.348750000000001,3.5195000000000025,3.8590416666666796
382,2020-06-10,3.31,3.36,3.27,3.36,5438201.0,3.3456666666666672,3.514055555555558,3.8529583333333464
383,2020-06-11,3.35,3.42,3.3,3.31,7068937.0,3.342666666666667,3.5077777777777794,3.8446666666666798
384,2020-06-12,3.26,3.31,3.11,3.28,6338500.0,3.3397500000000004,3.501388888888891,3.8340416666666792
385,2020-06-15,3.25,3.3,3.2,3.21,8087482.0,3.336,3.494555555555557,3.8240000000000127
386,2020-06-16,3.29,3.29,3.21,3.26,4172200.0,3.332333333333333,3.4880000000000013,3.8141250000000126
387,2020-06-17,3.25,3.26,3.19,3.25,4589005.0,3.3281666666666667,3.482111111111113,3.8023750000000125
388,2020-06-18,3.24,3.31,3.23,3.28,4956512.0,3.3242499999999997,3.4768333333333348,3.7932916666666787
389,2020-06-19,3.28,3.3,3.25,3.25,5011960.0,3.3199166666666664,3.4712777777777792,3.784208333333346
390,2020-06-22,3.26,3.28,3.23,3.27,3550923.0,3.3159166666666664,3.4660555555555566,3.775083333333346
391,2020-06-23,3.28,3.28,3.22,3.24,3156409.0,3.312416666666666,3.4610555555555567,3.7663333333333453
392,2020-06-24,3.23,3.25,3.19,3.19,3646001.0,3.308416666666666,3.4557777777777794,3.7570000000000126
393,2020-06-29,3.18,3.19,3.12,3.15,3692109.0,3.3039999999999994,3.4507777777777795,3.747791666666679
394,2020-06-30,3.15,3.18,3.15,3.16,3707607.0,3.299749999999999,3.4463888888888903,3.7391666666666787
395,2020-07-01,3.16,3.2,3.15,3.19,3721936.0,3.2955833333333326,3.4420000000000015,3.731041666666679
396,2020-07-02,3.19,3.29,3.18,3.28,7163465.0,3.2928333333333324,3.438555555555557,3.7229583333333456
397,2020-07-03,3.3,3.37,3.29,3.35,8985679.0,3.2905833333333323,3.435333333333335,3.7164166666666794
398,2020-07-06,3.39,3.58,3.38,3.55,16156861.0,3.2890833333333322,3.4331111111111126,3.710500000000012
399,2020-07-07,3.61,3.63,3.48,3.48,18084396.0,3.2868333333333326,3.430222222222224,3.704541666666679
400,2020-07-08,3.48,3.62,3.47,3.62,14936413.0,3.2850833333333327,3.4280000000000017,3.698916666666679
401,2020-07-09,3.63,3.71,3.59,3.7,17847651.0,3.2835833333333326,3.4260000000000024,3.6935833333333457
402,2020-07-10,3.7,3.73,3.61,3.62,14372494.0,3.2822499999999994,3.4239444444444467,3.6875000000000124
403,2020-07-13,3.62,3.73,3.61,3.73,16019928.0,3.2815,3.4226111111111135,3.681708333333346
404,2020-07-14,3.73,3.81,3.67,3.81,18893545.0,3.2814166666666664,3.4215555555555572,3.6759583333333454
405,2020-07-15,3.79,3.84,3.63,3.64,17392595.0,3.280083333333333,3.420111111111113,3.669958333333345
406,2020-07-16,3.66,3.73,3.53,3.54,15124604.0,3.2777499999999997,3.418111111111113,3.663750000000012
407,2020-07-17,3.54,3.6,3.47,3.54,8764500.0,3.2757500000000004,3.4159444444444462,3.6581250000000116
408,2020-07-20,3.56,3.8,3.56,3.8,17804479.0,3.2767500000000003,3.4153888888888906,3.6534166666666783
409,2020-07-21,3.76,3.85,3.74,3.77,13017683.0,3.277916666666667,3.4147777777777795,3.6480000000000112
410,2020-07-22,3.78,3.79,3.7,3.73,13929360.0,3.279416666666667,3.4140555555555574,3.6426250000000113
411,2020-07-23,3.73,3.74,3.59,3.71,14310098.0,3.2813333333333334,3.4128333333333356,3.6370416666666783
412,2020-07-24,3.69,3.73,3.55,3.57,12052643.0,3.28225,3.4113333333333355,3.6312083333333454
413,2020-07-27,3.57,3.57,3.48,3.5,7875301.0,3.2832500000000002,3.410055555555558,3.625000000000012
414,2020-07-28,3.52,3.57,3.49,3.52,6752801.0,3.28725,3.4092777777777803,3.619250000000012
415,2020-07-29,3.53,3.55,3.46,3.55,9220988.0,3.29275,3.408388888888891,3.6136666666666786
416,2020-07-30,3.55,3.6,3.52,3.6,11296556.0,3.298166666666667,3.4079444444444467,3.6087083333333454
417,2020-07-31,3.6,3.63,3.52,3.56,13280657.0,3.303,3.4072222222222237,3.6037500000000118
418,2020-08-03,3.57,3.69,3.57,3.68,12466489.0,3.3087500000000003,3.4072222222222237,3.6004583333333446
419,2020-08-04,3.66,3.75,3.62,3.71,13473085.0,3.314416666666667,3.4074444444444465,3.5969166666666785
420,2020-08-05,3.7,3.73,3.64,3.68,8645563.0,3.319666666666667,3.4075555555555574,3.593250000000012
421,2020-08-06,3.67,3.73,3.61,3.66,10765210.0,3.3235833333333336,3.4081666666666686,3.5898750000000117
422,2020-08-07,3.67,3.67,3.52,3.58,9506236.0,3.327666666666667,3.408444444444447,3.5857916666666787
423,2020-08-10,3.59,3.7,3.55,3.66,8826185.0,3.3323333333333336,3.4093888888888912,3.5824166666666786
424,2020-08-11,3.67,3.75,3.59,3.61,14333550.0,3.335833333333334,3.409833333333336,3.5786666666666784
425,2020-08-12,3.62,3.62,3.52,3.59,9560289.0,3.338916666666667,3.4107222222222253,3.5747083333333456
426,2020-08-13,3.59,3.8,3.58,3.75,20878822.0,3.34325,3.4122777777777804,3.5712083333333453
427,2020-08-14,3.73,3.73,3.66,3.72,15795141.0,3.344666666666667,3.41316666666667,3.5671666666666786
428,2020-08-17,3.73,3.79,3.7,3.77,12356206.0,3.3473333333333333,3.4143333333333366,3.5636666666666783
429,2020-08-18,3.79,3.89,3.74,3.88,23553187.0,3.3501666666666665,3.4160555555555585,3.560833333333345
430,2020-08-19,3.87,4.27,3.85,4.2,71032218.0,3.35525,3.4195000000000033,3.5589166666666787
431,2020-08-20,4.0,4.05,3.86,3.91,44709999.0,3.35725,3.4207222222222247,3.5552500000000125
432,2020-08-21,3.9,3.93,3.82,3.85,22527768.0,3.359666666666667,3.421722222222225,3.5527083333333453
433,2020-08-24,3.86,3.87,3.78,3.79,14113526.0,3.3638333333333335,3.422388888888892,3.5498333333333454
434,2020-08-25,3.79,3.83,3.74,3.75,12181577.0,3.366916666666667,3.422722222222225,3.547041666666679
435,2020-08-26,3.73,3.79,3.72,3.73,9162903.0,3.3696666666666673,3.422833333333336,3.5446250000000123
436,2020-08-27,3.75,3.76,3.69,3.74,8456604.0,3.3722500000000006,3.422722222222225,3.5430833333333456
437,2020-08-28,3.73,3.78,3.71,3.78,8626550.0,3.3740833333333335,3.4230555555555577,3.5415416666666792
438,2020-08-31,3.79,3.81,3.74,3.75,8195066.0,3.3757500000000005,3.4235000000000024,3.5398750000000123
439,2020-09-01,3.73,3.76,3.7,3.73,6055721.0,3.3776666666666673,3.4238888888888916,3.5380000000000127
440,2020-09-02,3.73,3.74,3.65,3.69,9141999.0,3.3787500000000006,3.424055555555559,3.535625000000013
441,2020-09-03,3.69,3.72,3.66,3.67,6403733.0,3.3799166666666673,3.4238888888888916,3.5331666666666797
442,2020-09-04,3.65,3.84,3.61,3.81,15298490.0,3.3832500000000008,3.424333333333336,3.530958333333346
443,2020-09-07,3.9,4.0,3.76,3.83,25908143.0,3.3875000000000006,3.4252222222222253,3.528416666666679
444,2020-09-08,3.83,4.18,3.79,4.04,33595067.0,3.3944166666666673,3.427500000000003,3.5267916666666794
445,2020-09-09,3.97,4.08,3.88,3.92,24662095.0,3.4002500000000007,3.428944444444447,3.5246250000000123
446,2020-09-10,3.93,4.07,3.72,3.72,18411506.0,3.405000000000001,3.429055555555558,3.521625000000012
447,2020-09-11,3.69,3.77,3.68,3.75,8778777.0,3.410500000000001,3.429055555555558,3.519291666666679
448,2020-09-14,3.75,3.82,3.69,3.73,8975770.0,3.415583333333335,3.428944444444447,3.5172083333333455
449,2020-09-15,3.72,3.76,3.69,3.76,5740742.0,3.4217500000000016,3.4288888888888915,3.515166666666679
450,2020-09-16,3.73,4.0,3.71,3.92,18729970.0,3.428916666666668,3.429833333333336,3.513958333333345
451,2020-09-17,3.92,3.96,3.83,3.87,11668183.0,3.4349166666666684,3.4310000000000027,3.5128333333333455
452,2020-09-18,3.86,4.05,3.84,4.01,20750824.0,3.4421666666666684,3.432888888888892,3.5122916666666786
453,2020-09-21,3.99,4.05,3.91,3.96,12456003.0,3.4491666666666685,3.434444444444448,3.511916666666679
454,2020-09-22,3.91,3.92,3.8,3.8,11786863.0,3.4554166666666686,3.43516666666667,3.5112916666666787
455,2020-09-23,3.81,4.17,3.77,4.04,29817025.0,3.463750000000002,3.437111111111114,3.5115416666666786
456,2020-09-24,4.01,4.08,3.91,3.95,23189976.0,3.471583333333335,3.439000000000003,3.511750000000012
457,2020-09-25,3.97,4.01,3.84,3.86,15734285.0,3.478250000000002,3.4403333333333364,3.5114583333333456
458,2020-09-28,3.91,4.07,3.87,3.9,15904120.0,3.4855833333333353,3.4412777777777808,3.511250000000012
459,2020-09-29,3.92,3.93,3.86,3.86,10872678.0,3.492000000000002,3.441888888888892,3.510666666666679
460,2020-09-30,3.87,3.89,3.75,3.78,11093400.0,3.4975833333333353,3.4416111111111136,3.509666666666679
461,2020-10-09,3.85,4.02,3.82,3.96,19045334.0,3.504333333333335,3.4420555555555583,3.5092500000000126
462,2020-10-12,3.98,4.15,3.97,4.14,27051243.0,3.5132500000000015,3.4440555555555585,3.5098750000000125
463,2020-10-13,4.13,4.17,4.06,4.11,14404730.0,3.5223333333333353,3.4456666666666695,3.5104583333333457
464,2020-10-14,4.14,4.18,4.02,4.04,13530560.0,3.5304166666666688,3.446888888888891,3.510625000000012
465,2020-10-15,4.15,4.3,4.04,4.15,32076101.0,3.5394166666666687,3.4488333333333356,3.5116666666666787
466,2020-10-16,4.1,4.26,4.04,4.2,26440781.0,3.548583333333335,3.450944444444447,3.512916666666679
467,2020-10-19,4.2,4.62,4.15,4.4,52515581.0,3.5595000000000017,3.454388888888891,3.5148750000000124
468,2020-10-20,4.32,4.46,4.29,4.39,31641806.0,3.5705833333333348,3.4583333333333357,3.5169166666666793
469,2020-10-21,4.39,4.4,4.13,4.17,26368473.0,3.579750000000002,3.461333333333336,3.5181250000000124
470,2020-10-22,4.13,4.21,4.07,4.16,16015286.0,3.5888333333333353,3.4647222222222247,3.519375000000012
471,2020-10-23,4.16,4.2,4.04,4.06,13755275.0,3.596750000000002,3.4679444444444463,3.519916666666679
472,2020-10-26,4.05,4.11,3.94,4.02,12509409.0,3.604500000000002,3.4710555555555573,3.5206666666666786
473,2020-10-27,4.01,4.08,3.99,4.07,7303944.0,3.6127500000000023,3.474888888888891,3.5220833333333457
474,2020-10-28,4.09,4.1,4.01,4.02,7545137.0,3.621750000000002,3.4803333333333355,3.5235833333333457
475,2020-10-29,3.96,4.0,3.92,3.97,8095098.0,3.630166666666669,3.4863333333333357,3.5246666666666786
476,2020-10-30,3.98,3.98,3.87,3.87,9260448.0,3.6372500000000025,3.4914444444444466,3.525458333333346
477,2020-11-02,3.87,3.9,3.7,3.72,12634966.0,3.642833333333336,3.4955555555555575,3.5255833333333455
478,2020-11-03,3.72,3.8,3.72,3.8,6761728.0,3.649250000000003,3.5000555555555573,3.5260833333333457
479,2020-11-04,3.79,3.83,3.73,3.75,4982082.0,3.6543333333333363,3.5040555555555577,3.526416666666679
480,2020-11-05,3.77,3.8,3.76,3.79,6538184.0,3.6596666666666704,3.5081666666666687,3.526958333333346
481,2020-11-06,3.75,3.8,3.72,3.74,6103250.0,3.6650000000000036,3.511222222222224,3.5277500000000126
482,2020-11-09,3.72,3.83,3.72,3.8,8911215.0,3.6707500000000035,3.515166666666668,3.5288750000000126
483,2020-11-10,3.8,3.84,3.77,3.84,6590639.0,3.6770833333333366,3.5192777777777793,3.530333333333346
484,2020-11-11,3.84,3.95,3.8,3.88,13468090.0,3.6837500000000034,3.5231111111111124,3.5317916666666793
485,2020-11-12,3.88,3.9,3.77,3.79,9927167.0,3.6892500000000035,3.5262777777777785,3.5332916666666794
486,2020-11-13,3.79,3.79,3.73,3.75,7351342.0,3.694083333333337,3.5291666666666672,3.534458333333346
487,2020-11-16,3.74,3.83,3.73,3.81,9362012.0,3.6981666666666704,3.530611111111112,3.5355000000000127
488,2020-11-17,3.79,3.87,3.78,3.82,7164585.0,3.7026666666666705,3.532666666666667,3.5365833333333465
489,2020-11-18,3.8,3.86,3.79,3.81,7457800.0,3.7054166666666704,3.534166666666667,3.537583333333346
490,2020-11-19,3.81,3.81,3.75,3.78,6623900.0,3.7063333333333364,3.5352222222222225,3.538416666666679
491,2020-11-20,3.77,3.83,3.74,3.82,10373836.0,3.7080833333333363,3.5360555555555564,3.538958333333346
492,2020-11-23,3.81,3.93,3.79,3.92,14105426.0,3.7118333333333364,3.538055555555556,3.5400000000000125
493,2020-11-24,3.92,3.95,3.89,3.93,13130065.0,3.7158333333333364,3.541611111111112,3.541083333333346
494,2020-11-25,3.95,3.98,3.87,3.9,9657267.0,3.7193333333333363,3.5445000000000007,3.5419583333333455
495,2020-11-26,3.95,4.05,3.95,4.04,18303979.0,3.7236666666666696,3.548055555555556,3.543333333333345
496,2020-11-27,4.01,4.02,3.95,4.0,11012002.0,3.727000000000003,3.551222222222223,3.5443333333333453
497,2020-11-30,4.0,4.02,3.97,4.0,7614645.0,3.731250000000003,3.553666666666668,3.5455000000000116
498,2020-12-01,3.97,3.99,3.87,3.91,11706549.0,3.7355833333333366,3.5556666666666676,3.5465000000000115
499,2020-12-02,3.91,3.92,3.87,3.9,6925219.0,3.740000000000003,3.5578888888888898,3.547500000000012
500,2020-12-03,3.9,3.96,3.88,3.94,6782165.0,3.745333333333336,3.560000000000002,3.5486666666666786
501,2020-12-04,3.95,3.97,3.89,3.93,4616179.0,3.750500000000003,3.562222222222224,3.549625000000012
502,2020-12-07,4.32,4.32,4.31,4.32,28150285.0,3.758500000000003,3.5672777777777798,3.552083333333345
503,2020-12-08,4.4,4.75,4.19,4.75,79399776.0,3.770500000000003,3.575222222222224,3.556583333333345
504,2020-12-09,5.23,5.23,5.23,5.23,21288723.0,3.786750000000003,3.586444444444446,3.563250000000012
505,2020-12-10,5.18,5.75,5.05,5.37,160409264.0,3.8047500000000034,3.5983888888888904,3.5703750000000123
506,2020-12-11,5.71,5.9,4.88,4.93,120978907.0,3.81866666666667,3.6082777777777792,3.575500000000012
507,2020-12-14,4.69,5.42,4.6,5.42,122842252.0,3.8367500000000034,3.6212222222222232,3.582458333333345
508,2020-12-15,5.63,5.75,5.1,5.1,139021915.0,3.8519166666666704,3.6322222222222234,3.588083333333345
509,2020-12-16,5.18,5.29,4.64,4.66,103292500.0,3.863666666666671,3.641333333333334,3.5917916666666785
510,2020-12-17,4.69,4.75,4.46,4.56,64965821.0,3.874416666666671,3.6496666666666675,3.595166666666678
511,2020-12-18,4.63,4.84,4.62,4.62,65878565.0,3.885916666666671,3.6578333333333344,3.599166666666678
512,2020-12-21,4.62,4.84,4.51,4.81,62552504.0,3.899416666666671,3.667111111111112,3.603916666666678
513,2020-12-22,4.7,4.93,4.62,4.72,59619721.0,3.9125000000000045,3.676000000000001,3.608250000000012
514,2020-12-23,4.64,5.19,4.64,5.05,81520103.0,3.9282500000000047,3.687111111111112,3.614000000000012
515,2020-12-24,4.96,5.1,4.81,4.93,55890031.0,3.9427500000000046,3.697611111111112,3.619166666666678
516,2020-12-25,4.94,5.42,4.9,5.42,119674889.0,3.9605833333333385,3.7110000000000007,3.6267083333333447
517,2020-12-28,5.4,5.75,5.23,5.58,108016373.0,3.9791666666666714,3.7250000000000014,3.634875000000011
518,2020-12-29,5.35,5.38,5.02,5.02,68790813.0,3.9914166666666713,3.7361111111111125,3.640250000000011
519,2020-12-30,4.92,5.14,4.85,5.09,45217301.0,4.0048333333333375,3.7472222222222236,3.6458333333333446
520,2020-12-31,5.12,5.21,5.02,5.07,39439574.0,4.0169166666666705,3.7581111111111127,3.6510000000000113
521,2021-01-04,5.05,5.42,4.9,5.27,52396266.0,4.030000000000004,3.7698888888888904,3.656791666666678
522,2021-01-05,5.26,5.8,5.11,5.8,83326061.0,4.0481666666666705,3.7850555555555565,3.6652083333333447
523,2021-01-06,6.03,6.38,5.51,5.74,123761327.0,4.0649166666666705,3.8001666666666676,3.6732083333333443
524,2021-01-07,5.45,5.59,5.2,5.32,75316586.0,4.077500000000004,3.8126666666666678,3.6794583333333444
525,2021-01-08,5.2,5.32,5.04,5.09,39028600.0,4.089583333333337,3.82388888888889,3.6848333333333447
526,2021-01-11,5.02,5.28,4.96,5.11,36959618.0,4.1026666666666705,3.8350555555555563,3.6902083333333446
527,2021-01-12,5.25,5.44,5.0,5.05,40321492.0,4.115250000000004,3.845944444444445,3.695500000000011
528,2021-01-13,4.95,5.0,4.55,4.65,54076932.0,4.122333333333336,3.8547777777777785,3.699541666666678
529,2021-01-14,4.59,4.6,4.33,4.33,35231288.0,4.127000000000003,3.8617777777777786,3.702458333333345
530,2021-01-15,4.3,4.49,4.28,4.4,18523671.0,4.132583333333336,3.869166666666667,3.7060000000000115
531,2021-01-18,4.33,4.84,4.33,4.84,27856772.0,4.142000000000003,3.878777777777778,3.7116666666666784
532,2021-01-19,4.98,5.08,4.8,4.88,41791835.0,4.15291666666667,3.8887222222222224,3.717583333333345
533,2021-01-20,4.91,4.93,4.68,4.8,22238288.0,4.163750000000003,3.8982777777777775,3.723500000000011
534,2021-01-21,4.8,5.05,4.75,4.96,33901549.0,4.175750000000003,3.9094999999999995,3.7315000000000116
535,2021-01-22,4.88,4.9,4.72,4.76,20759042.0,4.185833333333337,3.9194999999999993,3.7392916666666784
536,2021-01-25,4.7,5.2,4.62,5.07,42923602.0,4.198083333333336,3.9308888888888887,3.7481250000000115
537,2021-01-26,5.12,5.33,4.98,5.14,43942704.0,4.211250000000002,3.9425,3.7571250000000114
538,2021-01-27,5.1,5.35,5.07,5.25,34729512.0,4.224333333333336,3.954833333333333,3.766541666666678
539,2021-01-28,5.15,5.34,5.11,5.21,28599069.0,4.236833333333336,3.9663333333333335,3.7756250000000118
540,2021-01-29,5.22,5.29,4.78,4.92,32024141.0,4.247166666666669,3.976166666666667,3.7834166666666786
541,2021-02-01,4.83,5.41,4.81,5.25,47923958.0,4.260416666666669,3.9881111111111114,3.7920000000000114
542,2021-02-02,5.18,5.23,4.99,5.11,33018899.0,4.273166666666668,3.9992222222222225,3.800416666666678
543,2021-02-03,5.06,5.09,4.7,4.77,30377891.0,4.282416666666668,4.008611111111111,3.8073750000000115
544,2021-02-04,4.75,4.76,4.4,4.53,23609028.0,4.290083333333334,4.016666666666666,3.812958333333344
545,2021-02-05,4.51,4.59,4.16,4.2,24672403.0,4.295166666666669,4.022611111111111,3.8170416666666775
546,2021-02-08,4.28,4.29,4.11,4.18,13621976.0,4.298750000000001,4.0282222222222215,3.821000000000011
547,2021-02-09,4.2,4.54,4.18,4.37,15465379.0,4.304166666666668,4.034055555555555,3.8244166666666777
548,2021-02-10,4.36,4.49,4.32,4.4,11163453.0,4.309416666666667,4.040277777777777,3.8283750000000105
549,2021-02-18,4.42,4.63,4.42,4.57,14212077.0,4.315166666666668,4.046333333333333,3.8326666666666775
550,2021-02-19,4.54,4.74,4.46,4.7,17193058.0,4.319333333333335,4.0520555555555555,3.837291666666678
551,2021-02-22,4.75,4.93,4.63,4.74,30058786.0,4.326250000000002,4.058333333333334,3.8417500000000113
552,2021-02-23,4.79,4.91,4.7,4.78,20770828.0,4.334000000000001,4.065611111111111,3.8468333333333447
553,2021-02-24,4.74,4.96,4.67,4.86,22965229.0,4.342916666666668,4.073444444444444,3.8533750000000118
554,2021-02-25,4.86,4.92,4.61,4.68,19455781.0,4.350666666666668,4.08011111111111,3.858791666666678
555,2021-02-26,4.61,4.65,4.54,4.54,12939511.0,4.357416666666667,4.085777777777777,3.863541666666678
556,2021-03-01,4.61,4.66,4.55,4.59,10088961.0,4.364500000000001,4.091277777777777,3.868375000000012
557,2021-03-02,4.58,4.65,4.53,4.6,12460000.0,4.371333333333335,4.097444444444443,3.872708333333345
558,2021-03-03,4.56,4.77,4.52,4.76,16698891.0,4.379750000000001,4.105055555555555,3.8777500000000122
559,2021-03-04,4.7,5.24,4.67,5.02,46826221.0,4.390500000000001,4.114222222222221,3.8840833333333453
560,2021-03-05,4.98,5.11,4.9,4.93,29543938.0,4.400833333333334,4.123277777777777,3.889791666666679
561,2021-03-08,4.93,5.1,4.93,5.03,31891305.0,4.412166666666667,4.132833333333332,3.8960416666666786
562,2021-03-09,5.01,5.07,4.61,4.73,28461699.0,4.419833333333334,4.1404444444444435,3.901541666666679
563,2021-03-10,4.72,5.09,4.58,4.9,29937997.0,4.42875,4.149277777777777,3.908125000000012
564,2021-03-11,5.1,5.39,5.01,5.39,59999485.0,4.44,4.161,3.917208333333345
565,2021-03-12,5.7,5.85,5.23,5.31,92471510.0,4.451583333333334,4.172666666666665,3.9259166666666783
566,2021-03-15,5.31,5.4,5.12,5.19,47249321.0,4.463833333333334,4.183388888888889,3.9344166666666784
567,2021-03-16,5.17,5.42,5.11,5.35,44877048.0,4.477166666666667,4.195055555555555,3.943833333333345
568,2021-03-17,5.24,5.24,4.99,5.09,33724979.0,4.488500000000001,4.205111111111111,3.9520416666666787
569,2021-03-18,5.02,5.17,5.0,5.05,25999047.0,4.499250000000001,4.215111111111111,3.9605000000000117
570,2021-03-19,4.99,5.56,4.97,5.56,95658989.0,4.512916666666667,4.227833333333333,3.9709166666666786
571,2021-03-22,5.57,5.95,5.48,5.71,102950441.0,4.528250000000001,4.241555555555555,3.9815833333333455
572,2021-03-23,5.58,5.62,5.4,5.48,56545572.0,4.540500000000001,4.254277777777777,3.9913333333333454
573,2021-03-24,5.41,5.86,5.37,5.69,81006424.0,4.554916666666668,4.268388888888889,4.002041666666679
574,2021-03-25,5.63,5.64,5.2,5.55,52420720.0,4.5695000000000014,4.281666666666666,4.0124583333333455
575,2021-03-26,5.58,5.96,5.45,5.78,69542509.0,4.584000000000001,4.296055555555554,4.023875000000013
576,2021-03-29,5.88,6.0,5.65,5.88,58957789.0,4.600083333333334,4.310499999999999,4.035833333333346
577,2021-03-30,5.9,6.47,5.63,6.47,91613404.0,4.621833333333334,4.3278333333333325,4.050041666666679
578,2021-03-31,6.8,7.12,6.46,7.12,88530144.0,4.648666666666668,4.347666666666666,4.067125000000013
579,2021-04-01,7.32,7.83,6.93,7.13,244247946.0,4.675916666666668,4.3679444444444435,4.083958333333346
580,2021-04-02,7.0,7.84,7.0,7.84,227838809.0,4.709750000000001,4.391388888888889,4.10366666666668
581,2021-04-06,8.62,8.62,8.35,8.62,69319155.0,4.748583333333334,4.418722222222222,4.126458333333346
582,2021-04-07,8.4,9.08,7.91,8.46,288604136.0,4.784583333333335,4.445611111111111,4.14891666666668
583,2021-04-08,7.9,8.09,7.61,7.61,85093028.0,4.8137500000000015,4.4671666666666665,4.16804166666668
584,2021-04-09,6.85,7.38,6.85,6.97,180965324.0,4.838166666666669,4.4847222222222225,4.184291666666679
585,2021-04-12,6.75,7.22,6.69,6.87,129572020.0,4.860833333333336,4.502666666666666,4.200125000000012
586,2021-04-13,6.76,6.82,6.38,6.47,121820549.0,4.879750000000002,4.518944444444445,4.21416666666668
587,2021-04-14,6.4,6.45,6.1,6.27,78667317.0,4.895333333333336,4.534111111111112,4.227416666666679
588,2021-04-15,6.24,6.29,6.01,6.04,57372759.0,4.909083333333336,4.546555555555556,4.239833333333346
589,2021-04-16,6.04,6.12,5.98,6.02,45802217.0,4.924500000000003,4.559055555555556,4.252125000000012
590,2021-04-19,6.0,6.1,5.99,6.01,53291656.0,4.93991666666667,4.571722222222222,4.264375000000012
591,2021-04-20,6.08,6.43,6.04,6.31,113918458.0,4.958666666666669,4.586166666666666,4.277708333333346
592,2021-04-21,6.17,6.21,5.91,5.92,71708811.0,4.974500000000003,4.599222222222222,4.289500000000014
593,2021-04-22,5.93,6.16,5.84,6.1,63441720.0,4.991416666666669,4.613666666666666,4.302083333333346
594,2021-04-23,6.05,6.06,5.91,5.97,34941973.0,5.007666666666669,4.627277777777778,4.314708333333346
595,2021-04-26,5.95,5.95,5.71,5.73,41830713.0,5.022333333333336,4.639388888888889,4.326250000000013
596,2021-04-27,5.74,5.84,5.57,5.82,44412925.0,5.038583333333336,4.651722222222222,4.33791666666668
597,2021-04-28,5.78,5.85,5.69,5.7,30957221.0,5.055083333333337,4.663611111111112,4.348958333333346
598,2021-04-29,5.66,5.76,5.6,5.62,28234961.0,5.070250000000003,4.67438888888889,4.359750000000013
599,2021-04-30,5.6,5.66,5.5,5.51,33643591.0,5.08491666666667,4.68438888888889,4.3696250000000125
