,code,name,point
0,1,平安银行,
1,2,万  科Ａ,
2,4,国华网安,
3,5,世纪星源,
4,6,深振业Ａ,
5,7,全新好,
6,8,神州高铁,
7,9,中国宝安,
8,10,美丽生态,
9,11,深物业A,
10,12,南  玻Ａ,
11,14,沙河股份,
12,16,深康佳Ａ,
13,17,*ST中华A,
14,19,深粮控股,
15,20,深华发Ａ,
16,21,深科技,
17,23,深天地Ａ,
18,25,特  力Ａ,
19,26,飞亚达,
20,27,深圳能源,
21,28,国药一致,
22,29,深深房Ａ,
23,30,富奥股份,
24,31,大悦城,
25,32,深桑达Ａ,
26,34,神州数码,
27,35,中国天楹,
28,36,华联控股,
29,37,深南电A,
30,38,深大通,
31,39,中集集团,
32,40,东旭蓝天,
33,42,中洲控股,
34,45,深纺织Ａ,
35,46,泛海控股,
36,48,京基智农,
37,49,德赛电池,
38,50,深天马Ａ,
39,55,方大集团,
40,56,皇庭国际,
41,58,深 赛 格,
42,59,华锦股份,
43,60,中金岭南,
44,61,农 产 品,
45,62,深圳华强,
46,63,中兴通讯,
47,65,北方国际,
48,66,中国长城,
49,68,华控赛格,
50,69,华侨城Ａ,
51,70,特发信息,
52,78,海王生物,
53,88,盐 田 港,
54,89,深圳机场,
55,90,天健集团,
56,96,广聚能源,
57,99,中信海直,
58,100,TCL科技,
59,150,宜华健康,
60,151,中成股份,
61,153,丰原药业,
62,155,川能动力,
63,156,华数传媒,
64,157,中联重科,
65,158,常山北明,
66,159,国际实业,
67,166,申万宏源,
68,301,东方盛虹,
69,333,美的集团,
70,338,潍柴动力,
71,400,许继电气,
72,401,冀东水泥,
73,402,金 融 街,
74,403,双林生物,
75,404,长虹华意,
76,407,胜利股份,
77,408,*ST藏格,
78,409,ST地矿,
79,410,*ST沈机,
80,411,英特集团,
81,413,东旭光电,
82,415,渤海租赁,
83,416,民生控股,
84,417,合肥百货,
85,419,通程控股,
86,420,吉林化纤,
87,421,南京公用,
88,422,ST宜化,
89,423,东阿阿胶,
90,425,徐工机械,
91,426,兴业矿业,
92,428,华天酒店,
93,429,粤高速Ａ,
94,430,张家界,
95,488,晨鸣纸业,
96,498,山东路桥,
97,501,鄂武商Ａ,
98,502,绿景控股,
99,503,国新健康,
100,504,ST生物,
101,505,京粮控股,
102,506,中润资源,
103,507,珠海港,
104,509,*ST华塑,
105,510,新金路,
106,513,丽珠集团,
107,514,渝 开 发,
108,516,国际医学,
109,517,荣安地产,
110,518,四环生物,
111,519,中兵红箭,
112,520,长航凤凰,
113,521,长虹美菱,
114,523,广州浪奇,
115,524,岭南控股,
116,525,红 太 阳,
117,526,紫光学大,
118,528,柳    工,
119,529,广弘控股,
120,530,冰山冷热,
121,531,穗恒运Ａ,
122,532,华金资本,
123,533,顺钠股份,
124,534,万泽股份,
125,536,*ST华映,
126,537,广宇发展,
127,538,云南白药,
128,539,粤电力Ａ,
129,540,中天金融,
130,541,佛山照明,
131,543,皖能电力,
132,544,中原环保,
133,545,金浦钛业,
134,546,金圆股份,
135,547,航天发展,
136,548,湖南投资,
137,550,江铃汽车,
138,551,创元科技,
139,552,靖远煤电,
140,553,安道麦A,
141,554,泰山石油,
142,555,神州信息,
143,557,西部创业,
144,558,莱茵体育,
145,559,万向钱潮,
146,560,我爱我家,
147,561,烽火电子,
148,563,陕国投Ａ,
149,564,供销大集,
150,565,渝三峡Ａ,
151,566,海南海药,
152,567,海德股份,
153,568,泸州老窖,
154,570,苏常柴Ａ,
155,571,*ST大洲,
156,572,ST海马,
157,573,粤宏远Ａ,
158,576,甘化科工,
159,581,威孚高科,
160,582,北部湾港,
161,584,哈工智能,
162,585,*ST东电,
163,586,汇源通信,
164,587,*ST金洲,
165,589,贵州轮胎,
166,590,启迪药业,
167,591,太阳能,
168,592,平潭发展,
169,593,大通燃气,
170,595,*ST宝实,
171,596,古井贡酒,
172,597,东北制药,
173,598,兴蓉环境,
174,599,青岛双星,
175,600,建投能源,
176,601,韶能股份,
177,603,盛达资源,
178,605,渤海股份,
179,606,顺利办,
180,607,华媒控股,
181,608,阳光股份,
182,609,中迪投资,
183,610,西安旅游,
184,611,ST天首,
185,612,焦作万方,
186,613,大东海A,
187,615,奥园美谷,
188,616,海航投资,
189,617,中油资本,
190,619,海螺型材,
191,620,新华联,
192,622,恒立实业,
193,623,吉林敖东,
194,625,长安汽车,
195,626,远大控股,
196,627,天茂集团,
197,628,高新发展,
198,629,攀钢钒钛,
199,630,铜陵有色,
200,631,顺发恒业,
201,632,三木集团,
202,633,合金投资,
203,635,英 力 特,
204,636,风华高科,
205,637,茂化实华,
206,638,万方发展,
207,639,西王食品,
208,650,仁和药业,
209,651,格力电器,
210,652,泰达股份,
211,655,金岭矿业,
212,656,金科股份,
213,657,中钨高新,
214,659,珠海中富,
215,661,长春高新,
216,662,*ST天夏,
217,663,*ST永林,
218,665,湖北广电,
219,666,经纬纺机,
220,667,美好置业,
221,668,荣丰控股,
222,669,*ST金鸿,
223,670,*ST盈方,
224,671,阳 光 城,
225,672,上峰水泥,
226,673,*ST当代,
227,676,智度股份,
228,677,恒天海龙,
229,678,襄阳轴承,
230,679,*ST友谊,
231,680,山推股份,
232,681,视觉中国,
233,682,东方电子,
234,683,远兴能源,
235,685,中山公用,
236,686,东北证券,
237,687,*ST华讯,
238,688,国城矿业,
239,690,宝新能源,
240,691,亚太实业,
241,692,惠天热电,
242,695,滨海能源,
243,697,炼石航空,
244,698,沈阳化工,
245,700,模塑科技,
246,701,厦门信达,
247,702,正虹科技,
248,703,恒逸石化,
249,705,浙江震元,
250,707,ST双环,
251,708,中信特钢,
252,709,河钢股份,
253,710,贝瑞基因,
254,711,京蓝科技,
255,712,锦龙股份,
256,713,丰乐种业,
257,715,中兴商业,
258,716,黑芝麻,
259,717,韶钢松山,
260,718,苏宁环球,
261,719,中原传媒,
262,720,新能泰山,
263,721,西安饮食,
264,722,湖南发展,
265,723,美锦能源,
266,725,京东方Ａ,
267,726,鲁  泰Ａ,
268,727,*ST东科,
269,728,国元证券,
270,729,燕京啤酒,
271,731,四川美丰,
272,732,泰禾集团,
273,733,振华科技,
274,735,罗 牛 山,
275,736,中交地产,
276,737,ST南风,
277,738,航发控制,
278,739,普洛药业,
279,750,国海证券,
280,751,锌业股份,
281,752,*ST西发,
282,753,漳州发展,
283,755,山西路桥,
284,756,新华制药,
285,757,浩物股份,
286,758,中色股份,
287,759,中百集团,
288,760,*ST斯太,
289,761,本钢板材,
290,762,西藏矿业,
291,766,通化金马,
292,767,晋控电力,
293,768,中航西飞,
294,776,广发证券,
295,777,中核科技,
296,778,新兴铸管,
297,779,甘咨询,
298,780,*ST平能,
299,782,美达股份,
300,783,长江证券,
301,785,居然之家,
302,786,北新建材,
303,788,北大医药,
304,789,万年青,
305,790,华神科技,
306,791,甘肃电投,
307,792,*ST盐湖,
308,793,华闻集团,
309,795,英洛华,
310,796,凯撒旅业,
311,797,中国武夷,
312,798,中水渔业,
313,799,酒鬼酒,
314,800,一汽解放,
315,801,四川九洲,
316,802,北京文化,
317,803,*ST北能,
318,806,*ST银河,
319,807,云铝股份,
320,809,铁岭新城,
321,810,创维数字,
322,811,冰轮环境,
323,812,陕西金叶,
324,813,德展健康,
325,815,美利云,
326,816,智慧农业,
327,818,航锦科技,
328,819,岳阳兴长,
329,820,*ST节能,
330,821,京山轻机,
331,822,山东海化,
332,823,超声电子,
333,825,太钢不锈,
334,826,启迪环境,
335,828,东莞控股,
336,829,天音控股,
337,830,鲁西化工,
338,831,五矿稀土,
339,833,粤桂股份,
340,835,*ST长动,
341,836,富通鑫茂,
342,837,*ST秦机,
343,838,财信发展,
344,839,中信国安,
345,848,承德露露,
346,850,华茂股份,
347,851,高鸿股份,
348,852,石化机械,
349,856,冀东装备,
350,858,五 粮 液,
351,859,国风塑业,
352,860,顺鑫农业,
353,861,海印股份,
354,862,银星能源,
355,863,三湘印象,
356,868,ST安凯,
357,869,张  裕Ａ,
358,875,吉电股份,
359,876,新 希 望,
360,877,天山股份,
361,878,云南铜业,
362,880,潍柴重机,
363,881,中广核技,
364,882,华联股份,
365,883,湖北能源,
366,885,城发环境,
367,886,海南高速,
368,887,中鼎股份,
369,888,峨眉山Ａ,
370,889,中嘉博创,
371,890,*ST胜尔,
372,892,欢瑞世纪,
373,893,亚钾国际,
374,895,双汇发展,
375,897,津滨发展,
376,898,鞍钢股份,
377,899,赣能股份,
378,900,现代投资,
379,901,航天科技,
380,902,新洋丰,
381,903,云内动力,
382,905,厦门港务,
383,906,浙商中拓,
384,908,景峰医药,
385,909,数源科技,
386,910,大亚圣象,
387,911,南宁糖业,
388,912,泸天化,
389,913,钱江摩托,
390,915,山大华特,
391,917,电广传媒,
392,918,嘉凯城,
393,919,金陵药业,
394,920,南方汇通,
395,921,海信家电,
396,922,佳电股份,
397,923,河钢资源,
398,925,众合科技,
399,926,福星股份,
400,927,中国铁物,
401,928,中钢国际,
402,929,兰州黄河,
403,930,中粮科技,
404,931,中 关 村,
405,932,华菱钢铁,
406,933,神火股份,
407,935,四川双马,
408,936,华西股份,
409,937,冀中能源,
410,938,紫光股份,
411,948,南天信息,
412,949,新乡化纤,
413,950,重药控股,
414,951,中国重汽,
415,952,广济药业,
416,953,*ST河化,
417,955,欣龙控股,
418,957,中通客车,
419,958,东方能源,
420,959,首钢股份,
421,960,锡业股份,
422,961,中南建设,
423,962,东方钽业,
424,963,华东医药,
425,965,天保基建,
426,966,长源电力,
427,967,盈峰环境,
428,968,蓝焰控股,
429,969,安泰科技,
430,970,中科三环,
431,971,*ST高升,
432,972,ST中基,
433,973,佛塑科技,
434,975,银泰黄金,
435,976,华铁股份,
436,977,浪潮信息,
437,978,桂林旅游,
438,980,*ST众泰,
439,981,*ST银亿,
440,982,*ST 中绒,
441,983,山西焦煤,
442,985,大庆华科,
443,987,越秀金控,
444,988,华工科技,
445,989,九 芝 堂,
446,990,诚志股份,
447,993,闽东电力,
448,995,皇台酒业,
449,996,中国中期,
450,997,新 大 陆,
451,998,隆平高科,
452,999,华润三九,
453,1696,宗申动力,
454,1872,招商港口,
455,1896,豫能控股,
456,1914,招商积余,
457,1965,招商公路,
458,1979,招商蛇口,
459,2001,新 和 成,
460,2002,鸿达兴业,
461,2003,伟星股份,
462,2004,华邦健康,
463,2005,ST德豪,
464,2006,精功科技,
465,2007,华兰生物,
466,2008,大族激光,
467,2009,天奇股份,
468,2010,传化智联,
469,2011,盾安环境,
470,2012,凯恩股份,
471,2013,中航机电,
472,2014,永新股份,
473,2015,协鑫能科,
474,2016,世荣兆业,
475,2017,东信和平,
476,2019,亿帆医药,
477,2020,京新药业,
478,2021,ST中捷,
479,2022,科华生物,
480,2023,海特高新,
481,2024,苏宁易购,
482,2025,航天电器,
483,2026,山东威达,
484,2027,分众传媒,
485,2028,思源电气,
486,2029,七 匹 狼,
487,2030,达安基因,
488,2031,巨轮智能,
489,2032,苏 泊 尔,
490,2033,丽江股份,
491,2034,旺能环境,
492,2035,华帝股份,
493,2036,联创电子,
494,2037,保利联合,
495,2038,双鹭药业,
496,2039,黔源电力,
497,2040,南 京 港,
498,2041,登海种业,
499,2042,华孚时尚,
500,2043,兔 宝 宝,
501,2044,美年健康,
502,2045,国光电器,
503,2046,国机精工,
504,2047,宝鹰股份,
505,2048,宁波华翔,
506,2049,紫光国微,
507,2050,三花智控,
508,2051,中工国际,
509,2052,*ST同洲,
510,2053,云南能投,
511,2054,德美化工,
512,2055,得润电子,
513,2056,横店东磁,
514,2057,中钢天源,
515,2058,威 尔 泰,
516,2059,云南旅游,
517,2060,粤 水 电,
518,2061,浙江交科,
519,2062,宏润建设,
520,2063,远光软件,
521,2064,华峰化学,
522,2065,东华软件,
523,2066,瑞泰科技,
524,2067,景兴纸业,
525,2068,黑猫股份,
526,2069,獐子岛,
527,2071,*ST长城,
528,2072,ST凯瑞,
529,2073,软控股份,
530,2074,国轩高科,
531,2075,沙钢股份,
532,2076,*ST雪莱,
533,2077,*ST大港,
534,2078,太阳纸业,
535,2079,苏州固锝,
536,2080,中材科技,
537,2081,金 螳 螂,
538,2082,万邦德,
539,2083,孚日股份,
540,2084,海鸥住工,
541,2085,万丰奥威,
542,2086,*ST东洋,
543,2087,新野纺织,
544,2088,鲁阳节能,
545,2089,ST新海,
546,2090,金智科技,
547,2091,江苏国泰,
548,2092,中泰化学,
549,2093,国脉科技,
550,2094,青岛金王,
551,2095,生 意 宝,
552,2096,南岭民爆,
553,2097,山河智能,
554,2098,浔兴股份,
555,2099,海翔药业,
556,2100,天康生物,
557,2101,广东鸿图,
558,2102,ST冠福,
559,2103,广博股份,
560,2104,恒宝股份,
561,2105,信隆健康,
562,2106,莱宝高科,
563,2107,沃华医药,
564,2108,沧州明珠,
565,2109,兴化股份,
566,2110,三钢闽光,
567,2111,威海广泰,
568,2112,三变科技,
569,2113,*ST天润,
570,2114,罗平锌电,
571,2115,三维通信,
572,2116,中国海诚,
573,2117,东港股份,
574,2118,紫鑫药业,
575,2119,康强电子,
576,2120,韵达股份,
577,2121,*ST科陆,
578,2122,*ST天马,
579,2123,梦网集团,
580,2124,天邦股份,
581,2125,湘潭电化,
582,2126,银轮股份,
583,2127,南极电商,
584,2128,露天煤业,
585,2129,中环股份,
586,2130,沃尔核材,
587,2131,利欧股份,
588,2132,恒星科技,
589,2133,广宇集团,
590,2134,天津普林,
591,2135,东南网架,
592,2136,安 纳 达,
593,2137,麦达数字,
594,2138,顺络电子,
595,2139,拓邦股份,
596,2140,东华科技,
597,2141,贤丰控股,
598,2142,宁波银行,
599,2144,宏达高科,
600,2145,中核钛白,
601,2146,荣盛发展,
602,2147,*ST新光,
603,2148,北纬科技,
604,2149,西部材料,
605,2150,通润装备,
606,2151,北斗星通,
607,2152,广电运通,
608,2153,石基信息,
609,2154,报 喜 鸟,
610,2155,湖南黄金,
611,2156,通富微电,
612,2157,正邦科技,
613,2158,汉钟精机,
614,2159,三特索道,
615,2160,常铝股份,
616,2161,远 望 谷,
617,2162,悦心健康,
618,2163,海南发展,
619,2164,宁波东力,
620,2165,红 宝 丽,
621,2166,莱茵生物,
622,2167,东方锆业,
623,2168,惠程科技,
624,2169,智光电气,
625,2170,芭田股份,
626,2171,楚江新材,
627,2172,澳洋健康,
628,2173,创新医疗,
629,2174,游族网络,
630,2175,ST东网,
631,2176,*ST江特,
632,2177,御银股份,
633,2178,延华智能,
634,2179,中航光电,
635,2180,纳思达,
636,2181,粤 传 媒,
637,2182,云海金属,
638,2183,怡 亚 通,
639,2184,海得控制,
640,2185,华天科技,
641,2186,全 聚 德,
642,2187,广百股份,
643,2188,ST巴士,
644,2189,中光学,
645,2190,成飞集成,
646,2191,劲嘉股份,
647,2192,*ST融捷,
648,2193,如意集团,
649,2194,武汉凡谷,
650,2195,二三四五,
651,2196,方正电机,
652,2197,证通电子,
653,2198,嘉应制药,
654,2199,东晶电子,
655,2200,ST云投,
656,2201,九鼎新材,
657,2202,金风科技,
658,2203,海亮股份,
659,2204,大连重工,
660,2205,国统股份,
661,2206,海 利 得,
662,2207,准油股份,
663,2208,合肥城建,
664,2209,达 意 隆,
665,2210,*ST飞马,
666,2211,宏达新材,
667,2212,天融信,
668,2213,大为股份,
669,2214,大立科技,
670,2215,诺 普 信,
671,2216,三全食品,
672,2217,合力泰,
673,2218,拓日新能,
674,2219,*ST恒康,
675,2221,东华能源,
676,2222,福晶科技,
677,2223,鱼跃医疗,
678,2224,三 力 士,
679,2225,濮耐股份,
680,2226,江南化工,
681,2227,奥 特 迅,
682,2228,合兴包装,
683,2229,鸿博股份,
684,2230,科大讯飞,
685,2231,奥维通信,
686,2232,启明信息,
687,2233,塔牌集团,
688,2234,民和股份,
689,2235,安妮股份,
690,2236,大华股份,
691,2237,恒邦股份,
692,2238,天威视讯,
693,2239,奥特佳,
694,2240,盛新锂能,
695,2241,歌尔股份,
696,2242,九阳股份,
697,2243,通产丽星,
698,2244,滨江集团,
699,2245,蔚蓝锂芯,
700,2246,北化股份,
701,2247,*ST聚力,
702,2248,华东数控,
703,2249,大洋电机,
704,2250,联化科技,
705,2251,步 步 高,
706,2252,上海莱士,
707,2253,川大智胜,
708,2254,泰和新材,
709,2255,*ST海陆,
710,2256,*ST兆新,
711,2258,利尔化学,
712,2259,*ST升达,
713,2260,*ST德奥,
714,2261,拓维信息,
715,2262,恩华药业,
716,2263,大东南,
717,2264,新 华 都,
718,2265,西仪股份,
719,2266,浙富控股,
720,2267,陕天然气,
721,2268,卫 士 通,
722,2269,美邦服饰,
723,2270,华明装备,
724,2271,东方雨虹,
725,2272,川润股份,
726,2273,水晶光电,
727,2274,华昌化工,
728,2275,桂林三金,
729,2276,万马股份,
730,2277,友阿股份,
731,2278,神开股份,
732,2279,久其软件,
733,2280,*ST联络,
734,2281,光迅科技,
735,2282,博深股份,
736,2283,天润工业,
737,2284,亚太股份,
738,2285,世联行,
739,2286,保龄宝,
740,2287,奇正藏药,
741,2288,超华科技,
742,2289,ST宇顺,
743,2290,ST禾盛,
744,2291,星期六,
745,2292,奥飞娱乐,
746,2293,罗莱生活,
747,2294,信立泰,
748,2295,精艺股份,
749,2296,辉煌科技,
750,2297,博云新材,
751,2298,中电兴发,
752,2299,圣农发展,
753,2300,太阳电缆,
754,2301,齐心集团,
755,2302,西部建设,
756,2303,美盈森,
757,2304,洋河股份,
758,2305,南国置业,
759,2306,ST云网,
760,2307,北新路桥,
761,2308,威创股份,
762,2309,中利集团,
763,2310,东方园林,
764,2311,海大集团,
765,2312,三泰控股,
766,2313,日海智能,
767,2314,南山控股,
768,2315,焦点科技,
769,2316,亚联发展,
770,2317,众生药业,
771,2318,久立特材,
772,2319,*ST乐通,
773,2320,海峡股份,
774,2321,华英农业,
775,2322,理工环科,
776,2323,*ST雅博,
777,2324,普利特,
778,2325,洪涛股份,
779,2326,永太科技,
780,2327,富安娜,
781,2328,新朋股份,
782,2329,皇氏集团,
783,2330,得利斯,
784,2331,皖通科技,
785,2332,仙琚制药,
786,2333,ST罗普,
787,2334,英威腾,
788,2335,科华恒盛,
789,2336,ST人乐,
790,2337,赛象科技,
791,2338,奥普光电,
792,2339,积成电子,
793,2340,格林美,
794,2341,新纶科技,
795,2342,巨力索具,
796,2343,慈文传媒,
797,2344,海宁皮城,
798,2345,潮宏基,
799,2346,柘中股份,
800,2347,泰尔股份,
801,2348,高乐股份,
802,2349,精华制药,
803,2350,北京科锐,
804,2351,漫步者,
805,2352,顺丰控股,
806,2353,杰瑞股份,
807,2354,*ST天娱,
808,2355,兴民智通,
809,2356,*ST赫美,
810,2357,富临运业,
811,2358,森源电气,
812,2359,*ST北讯,
813,2360,同德化工,
814,2361,神剑股份,
815,2362,汉王科技,
816,2363,隆基机械,
817,2364,中恒电气,
818,2365,永安药业,
819,2366,台海核电,
820,2367,康力电梯,
821,2368,太极股份,
822,2369,卓翼科技,
823,2370,亚太药业,
824,2371,北方华创,
825,2372,伟星新材,
826,2373,千方科技,
827,2374,丽鹏股份,
828,2375,亚厦股份,
829,2376,新北洋,
830,2377,国创高新,
831,2378,章源钨业,
832,2379,宏创控股,
833,2380,科远智慧,
834,2381,双箭股份,
835,2382,蓝帆医疗,
836,2383,合众思壮,
837,2384,东山精密,
838,2385,大北农,
839,2386,天原股份,
840,2387,维信诺,
841,2388,新亚制程,
842,2389,航天彩虹,
843,2390,信邦制药,
844,2391,长青股份,
845,2392,北京利尔,
846,2393,力生制药,
847,2394,联发股份,
848,2395,双象股份,
849,2396,星网锐捷,
850,2397,梦洁股份,
851,2398,垒知集团,
852,2399,海普瑞,
853,2400,省广集团,
854,2401,中远海科,
855,2402,和而泰,
856,2403,爱仕达,
857,2404,嘉欣丝绸,
858,2405,四维图新,
859,2406,远东传动,
860,2407,多氟多,
861,2408,齐翔腾达,
862,2409,雅克科技,
863,2410,广联达,
864,2411,延安必康,
865,2412,汉森制药,
866,2413,雷科防务,
867,2414,高德红外,
868,2415,海康威视,
869,2416,爱施德,
870,2417,深南股份,
871,2418,*ST康盛,
872,2419,天虹股份,
873,2420,ST毅昌,
874,2421,达实智能,
875,2422,科伦药业,
876,2423,中粮资本,
877,2424,贵州百灵,
878,2425,凯撒文化,
879,2426,*ST胜利,
880,2427,ST尤夫,
881,2428,云南锗业,
882,2429,兆驰股份,
883,2430,杭氧股份,
884,2431,棕榈股份,
885,2432,九安医疗,
886,2433,太安堂,
887,2434,万里扬,
888,2435,长江健康,
889,2436,兴森科技,
890,2437,誉衡药业,
891,2438,江苏神通,
892,2439,启明星辰,
893,2440,闰土股份,
894,2441,众业达,
895,2442,龙星化工,
896,2443,金洲管道,
897,2444,巨星科技,
898,2445,*ST中南,
899,2446,盛路通信,
900,2447,*ST晨鑫,
901,2448,中原内配,
902,2449,国星光电,
903,2450,*ST康得,
904,2451,摩恩电气,
905,2452,长高集团,
906,2453,华软科技,
907,2454,松芝股份,
908,2455,百川股份,
909,2456,欧菲光,
910,2457,青龙管业,
911,2458,益生股份,
912,2459,晶澳科技,
913,2460,赣锋锂业,
914,2461,珠江啤酒,
915,2462,嘉事堂,
916,2463,沪电股份,
917,2464,众应互联,
918,2465,海格通信,
919,2466,天齐锂业,
920,2467,二六三,
921,2468,申通快递,
922,2469,三维工程,
923,2470,*ST金正,
924,2471,中超控股,
925,2472,双环传动,
926,2473,ST圣莱,
927,2474,榕基软件,
928,2475,立讯精密,
929,2476,宝莫股份,
930,2478,常宝股份,
931,2479,富春环保,
932,2480,新筑股份,
933,2481,双塔食品,
934,2482,广田集团,
935,2483,润邦股份,
936,2484,江海股份,
937,2485,希努尔,
938,2486,嘉麟杰,
939,2487,大金重工,
940,2488,金固股份,
941,2489,浙江永强,
942,2490,山东墨龙,
943,2491,通鼎互联,
944,2492,恒基达鑫,
945,2493,荣盛石化,
946,2494,华斯股份,
947,2495,佳隆股份,
948,2496,*ST辉丰,
949,2497,雅化集团,
950,2498,汉缆股份,
951,2499,*ST科林,
952,2500,山西证券,
953,2501,*ST利源,
954,2502,*ST鼎龙,
955,2503,搜于特,
956,2504,弘高创意,
957,2505,鹏都农牧,
958,2506,协鑫集成,
959,2507,涪陵榨菜,
960,2508,老板电器,
961,2510,天汽模,
962,2511,中顺洁柔,
963,2512,达华智能,
964,2513,*ST蓝丰,
965,2514,宝馨科技,
966,2515,金字火腿,
967,2516,旷达科技,
968,2517,恺英网络,
969,2518,科士达,
970,2519,银河电子,
971,2520,日发精机,
972,2521,齐峰新材,
973,2522,浙江众成,
974,2523,天桥起重,
975,2524,光正眼科,
976,2526,山东矿机,
977,2527,新时达,
978,2528,英飞拓,
979,2529,*ST海源,
980,2530,金财互联,
981,2531,天顺风能,
982,2532,天山铝业,
983,2533,金杯电工,
984,2534,杭锅股份,
985,2535,*ST林重,
986,2536,飞龙股份,
987,2537,海联金汇,
988,2538,司尔特,
989,2539,云图控股,
990,2540,亚太科技,
991,2541,鸿路钢构,
992,2542,中化岩土,
993,2543,万和电气,
994,2544,杰赛科技,
995,2545,东方铁塔,
996,2546,新联电子,
997,2547,春兴精工,
998,2548,金新农,
999,2549,凯美特气,
1000,2550,千红制药,
1001,2551,尚荣医疗,
1002,2552,宝鼎科技,
1003,2553,南方轴承,
1004,2554,惠博普,
1005,2555,三七互娱,
1006,2556,辉隆股份,
1007,2557,洽洽食品,
1008,2558,巨人网络,
1009,2559,亚威股份,
1010,2560,通达股份,
1011,2561,徐家汇,
1012,2562,兄弟科技,
1013,2563,森马服饰,
1014,2564,天沃科技,
1015,2565,顺灏股份,
1016,2566,益盛药业,
1017,2567,唐人神,
1018,2568,百润股份,
1019,2569,ST步森,
1020,2570,贝因美,
1021,2571,德力股份,
1022,2572,索菲亚,
1023,2573,清新环境,
1024,2574,明牌珠宝,
1025,2575,*ST群兴,
1026,2576,通达动力,
1027,2577,雷柏科技,
1028,2578,闽发铝业,
1029,2579,中京电子,
1030,2580,圣阳股份,
1031,2581,未名医药,
1032,2582,好想你,
1033,2583,海能达,
1034,2584,西陇科学,
1035,2585,双星新材,
1036,2586,*ST围海,
1037,2587,奥拓电子,
1038,2588,史丹利,
1039,2589,瑞康医药,
1040,2590,万安科技,
1041,2591,恒大高新,
1042,2592,ST八菱,
1043,2593,日上集团,
1044,2594,比亚迪,
1045,2595,豪迈科技,
1046,2596,海南瑞泽,
1047,2597,金禾实业,
1048,2598,山东章鼓,
1049,2599,盛通股份,
1050,2600,领益智造,
1051,2601,龙蟒佰利,
1052,2602,世纪华通,
1053,2603,以岭药业,
1054,2605,姚记科技,
1055,2606,大连电瓷,
1056,2607,中公教育,
1057,2608,江苏国信,
1058,2609,捷顺科技,
1059,2610,爱康科技,
1060,2611,东方精工,
1061,2612,朗姿股份,
1062,2613,北玻股份,
1063,2614,奥佳华,
1064,2615,哈尔斯,
1065,2616,长青集团,
1066,2617,露笑科技,
1067,2618,丹邦科技,
1068,2619,艾格拉斯,
1069,2620,瑞和股份,
1070,2621,美吉姆,
1071,2622,融钰集团,
1072,2623,亚玛顿,
1073,2624,完美世界,
1074,2625,光启技术,
1075,2626,金达威,
1076,2627,宜昌交运,
1077,2628,成都路桥,
1078,2629,ST仁智,
1079,2630,华西能源,
1080,2631,德尔未来,
1081,2632,道明光学,
1082,2633,申科股份,
1083,2634,棒杰股份,
1084,2635,安洁科技,
1085,2636,金安国纪,
1086,2637,赞宇科技,
1087,2638,*ST勤上,
1088,2639,雪人股份,
1089,2640,跨境通,
1090,2641,永高股份,
1091,2642,荣联科技,
1092,2643,万润股份,
1093,2644,佛慈制药,
1094,2645,华宏科技,
1095,2646,青青稞酒,
1096,2647,仁东控股,
1097,2648,卫星石化,
1098,2649,博彦科技,
1099,2650,ST加加,
1100,2651,利君股份,
1101,2652,扬子新材,
1102,2653,海思科,
1103,2654,万润科技,
1104,2655,共达电声,
1105,2656,ST摩登,
1106,2657,中科金财,
1107,2658,雪迪龙,
1108,2659,凯文教育,
1109,2660,茂硕电源,
1110,2661,克明面业,
1111,2662,京威股份,
1112,2663,普邦股份,
1113,2664,长鹰信质,
1114,2665,首航高科,
1115,2666,德联集团,
1116,2667,鞍重股份,
1117,2668,奥马电器,
1118,2669,康达新材,
1119,2670,国盛金控,
1120,2671,龙泉股份,
1121,2672,东江环保,
1122,2673,西部证券,
1123,2674,兴业科技,
1124,2675,东诚药业,
1125,2676,顺威股份,
1126,2677,浙江美大,
1127,2678,珠江钢琴,
1128,2679,福建金森,
1129,2681,*ST奋达,
1130,2682,龙洲股份,
1131,2683,宏大爆破,
1132,2684,ST猛狮,
1133,2685,华东重机,
1134,2686,亿利达,
1135,2687,乔治白,
1136,2688,金河生物,
1137,2689,远大智能,
1138,2690,美亚光电,
1139,2691,冀凯股份,
1140,2692,ST远程,
1141,2693,双成药业,
1142,2694,顾地科技,
1143,2695,煌上煌,
1144,2696,百洋股份,
1145,2697,红旗连锁,
1146,2698,博实股份,
1147,2699,美盛文化,
1148,2700,ST浩源,
1149,2701,奥瑞金,
1150,2702,海欣食品,
1151,2703,浙江世宝,
1152,2705,新宝股份,
1153,2706,良信股份,
1154,2707,众信旅游,
1155,2708,光洋股份,
1156,2709,天赐材料,
1157,2711,*ST欧浦,
1158,2712,思美传媒,
1159,2713,东易日盛,
1160,2714,牧原股份,
1161,2715,登云股份,
1162,2716,*ST金贵,
1163,2717,岭南股份,
1164,2718,友邦吊顶,
1165,2719,*ST麦趣,
1166,2721,金一文化,
1167,2722,金轮股份,
1168,2723,金莱特,
1169,2724,海洋王,
1170,2725,跃岭股份,
1171,2726,龙大肉食,
1172,2727,一心堂,
1173,2728,特一药业,
1174,2729,好利来,
1175,2730,电光科技,
1176,2731,萃华珠宝,
1177,2732,燕塘乳业,
1178,2733,雄韬股份,
1179,2734,利民股份,
1180,2735,王子新材,
1181,2736,国信证券,
1182,2737,葵花药业,
1183,2738,中矿资源,
1184,2739,万达电影,
1185,2740,爱迪尔,
1186,2741,光华科技,
1187,2742,三圣股份,
1188,2743,富煌钢构,
1189,2745,木林森,
1190,2746,仙坛股份,
1191,2747,埃斯顿,
1192,2748,世龙实业,
1193,2749,国光股份,
1194,2750,龙津药业,
1195,2751,易尚展示,
1196,2752,昇兴股份,
1197,2753,永东股份,
1198,2755,奥赛康,
1199,2756,永兴材料,
1200,2757,南兴股份,
1201,2758,浙农股份,
1202,2759,天际股份,
1203,2760,凤形股份,
1204,2761,多喜爱,
1205,2762,金发拉比,
1206,2763,汇洁股份,
1207,2765,蓝黛科技,
1208,2766,ST索菱,
1209,2767,先锋电子,
1210,2768,国恩股份,
1211,2769,普路通,
1212,2770,ST科迪,
1213,2771,真视通,
1214,2772,众兴菌业,
1215,2773,康弘药业,
1216,2774,快意电梯,
1217,2775,文科园林,
1218,2776,柏堡龙,
1219,2777,久远银海,
1220,2778,高科石化,
1221,2779,中坚科技,
1222,2780,三夫户外,
1223,2781,奇信股份,
1224,2782,可立克,
1225,2783,凯龙股份,
1226,2785,万里石,
1227,2786,银宝山新,
1228,2787,华源控股,
1229,2788,鹭燕医药,
1230,2789,建艺集团,
1231,2790,瑞尔特,
1232,2791,坚朗五金,
1233,2792,通宇通讯,
1234,2793,罗欣药业,
1235,2795,永和智控,
1236,2796,世嘉科技,
1237,2797,第一创业,
1238,2798,帝欧家居,
1239,2799,环球印务,
1240,2800,天顺股份,
1241,2801,微光股份,
1242,2802,洪汇新材,
1243,2803,吉宏股份,
1244,2805,丰元股份,
1245,2806,华锋股份,
1246,2807,江阴银行,
1247,2808,恒久科技,
1248,2809,红墙股份,
1249,2810,山东赫达,
1250,2811,郑中设计,
1251,2812,恩捷股份,
1252,2813,路畅科技,
1253,2815,崇达技术,
1254,2816,和科达,
1255,2817,黄山胶囊,
1256,2818,富森美,
1257,2819,东方中科,
1258,2820,桂发祥,
1259,2821,凯莱英,
1260,2822,中装建设,
1261,2823,凯中精密,
1262,2824,和胜股份,
1263,2825,纳尔股份,
1264,2826,易明医药,
1265,2827,高争民爆,
1266,2828,贝肯能源,
1267,2829,星网宇达,
1268,2830,名雕股份,
1269,2831,裕同科技,
1270,2832,比音勒芬,
1271,2833,弘亚数控,
1272,2835,同为股份,
1273,2836,新宏泽,
1274,2837,英维克,
1275,2838,道恩股份,
1276,2839,张家港行,
1277,2840,华统股份,
1278,2841,视源股份,
1279,2842,翔鹭钨业,
1280,2843,泰嘉股份,
1281,2845,同兴达,
1282,2846,英联股份,
1283,2847,盐津铺子,
1284,2848,高斯贝尔,
1285,2849,威星智能,
1286,2850,科达利,
1287,2851,麦格米特,
1288,2852,道道全,
1289,2853,皮阿诺,
1290,2855,捷荣技术,
1291,2856,美芝股份,
1292,2857,三晖电气,
1293,2858,力盛赛车,
1294,2859,洁美科技,
1295,2860,星帅尔,
1296,2861,瀛通通讯,
1297,2862,实丰文化,
1298,2863,今飞凯达,
1299,2864,盘龙药业,
1300,2865,钧达股份,
1301,2866,传艺科技,
1302,2867,周大生,
1303,2868,绿康生化,
1304,2869,金溢科技,
1305,2870,香山股份,
1306,2871,伟隆股份,
1307,2872,ST天圣,
1308,2873,新天药业,
1309,2875,安奈儿,
1310,2876,三利谱,
1311,2877,智能自控,
1312,2878,元隆雅图,
1313,2879,长缆科技,
1314,2880,卫光生物,
1315,2881,美格智能,
1316,2882,金龙羽,
1317,2883,中设股份,
1318,2884,凌霄泵业,
1319,2885,京泉华,
1320,2886,沃特股份,
1321,2887,绿茵生态,
1322,2888,惠威科技,
1323,2889,东方嘉盛,
1324,2890,弘宇股份,
1325,2891,中宠股份,
1326,2892,科力尔,
1327,2893,华通热力,
1328,2895,川恒股份,
1329,2896,中大力德,
1330,2897,意华股份,
1331,2898,赛隆药业,
1332,2899,英派斯,
1333,2900,哈三联,
1334,2901,大博医疗,
1335,2902,铭普光磁,
1336,2903,宇环数控,
1337,2905,金逸影视,
1338,2906,华阳集团,
1339,2907,华森制药,
1340,2908,德生科技,
1341,2909,集泰股份,
1342,2910,庄园牧场,
1343,2911,佛燃能源,
1344,2912,中新赛克,
1345,2913,奥士康,
1346,2915,中欣氟材,
1347,2916,深南电路,
1348,2917,金奥博,
1349,2918,蒙娜丽莎,
1350,2919,名臣健康,
1351,2920,德赛西威,
1352,2921,联诚精密,
1353,2922,伊戈尔,
1354,2923,润都股份,
1355,2925,盈趣科技,
1356,2926,华西证券,
1357,2927,泰永长征,
1358,2928,华夏航空,
1359,2929,润建股份,
1360,2930,宏川智慧,
1361,2931,锋龙股份,
1362,2932,明德生物,
1363,2933,新兴装备,
1364,2935,天奥电子,
1365,2936,郑州银行,
1366,2937,兴瑞科技,
1367,2938,鹏鼎控股,
1368,2939,长城证券,
1369,2940,昂利康,
1370,2941,新疆交建,
1371,2942,新农股份,
1372,2943,宇晶股份,
1373,2945,华林证券,
1374,2946,新乳业,
1375,2947,恒铭达,
1376,2948,青岛银行,
1377,2949,华阳国际,
1378,2950,奥美医疗,
1379,2951,金时科技,
1380,2952,亚世光电,
1381,2953,日丰股份,
1382,2955,鸿合科技,
1383,2956,西麦食品,
1384,2957,科瑞技术,
1385,2958,青农商行,
1386,2959,小熊电器,
1387,2960,青鸟消防,
1388,2961,瑞达期货,
1389,2962,五方光电,
1390,2963,豪尔赛,
1391,2965,祥鑫科技,
1392,2966,苏州银行,
1393,2967,广电计量,
1394,2968,新大正,
1395,2969,嘉美包装,
1396,2970,锐明技术,
1397,2971,和远气体,
1398,2972,科安达,
1399,2973,侨银股份,
1400,2975,博杰股份,
1401,2976,瑞玛工业,
1402,2977,天箭科技,
1403,2978,安宁股份,
1404,2979,雷赛智能,
1405,2980,华盛昌,
1406,2981,朝阳科技,
1407,2982,湘佳股份,
1408,2983,芯瑞达,
1409,2984,森麒麟,
1410,2985,北摩高科,
1411,2986,宇新股份,
1412,2987,京北方,
1413,2988,豪美新材,
1414,2989,中天精装,
1415,2990,盛视科技,
1416,2991,甘源食品,
1417,2992,宝明科技,
1418,2993,奥海科技,
1419,2995,天地在线,
1420,2996,顺博合金,
1421,2997,瑞鹄模具,
1422,2998,优彩资源,
1423,2999,天禾股份,
1424,3000,华文食品,
1425,3001,中岩大地,
1426,3002,壶化股份,
1427,3003,天元股份,
1428,3004,声迅股份,
1429,3005,竞业达,
1430,3006,百亚股份,
1431,3007,直真科技,
1432,3008,开普检测,
1433,3009,中天火箭,
1434,3010,若羽臣,
1435,3011,海象新材,
1436,3012,东鹏控股,
1437,3013,地铁设计,
1438,3015,日久光电,
1439,3016,欣贺股份,
1440,3017,大洋生物,
1441,3018,金富科技,
1442,3019,宸展光电,
1443,3020,立方制药,
1444,3021,兆威机电,
1445,3022,联泓新科,
1446,3023,彩虹集团,
1447,3025,思进智能,
1448,3026,中晶科技,
1449,3027,同兴环保,
1450,3028,振邦智能,
1451,3029,吉大正元,
1452,3030,祖名股份,
1453,3031,中瓷电子,
1454,3816,中国广核,
1455,300001,特锐德,
1456,300002,神州泰岳,
1457,300003,乐普医疗,
1458,300004,南风股份,
1459,300005,探路者,
1460,300006,莱美药业,
1461,300007,汉威科技,
1462,300008,天海防务,
1463,300009,安科生物,
1464,300010,豆神教育,
1465,300011,鼎汉技术,
1466,300012,华测检测,
1467,300013,新宁物流,
1468,300014,亿纬锂能,
1469,300015,爱尔眼科,
1470,300016,北陆药业,
1471,300017,网宿科技,
1472,300018,中元股份,
1473,300019,硅宝科技,
1474,300020,银江股份,
1475,300021,大禹节水,
1476,300022,吉峰科技,
1477,300023,宝德股份,
1478,300024,机器人,
1479,300025,华星创业,
1480,300026,红日药业,
1481,300027,华谊兄弟,
1482,300029,ST天龙,
1483,300030,阳普医疗,
1484,300031,宝通科技,
1485,300032,金龙机电,
1486,300033,同花顺,
1487,300034,钢研高纳,
1488,300035,中科电气,
1489,300036,超图软件,
1490,300037,新宙邦,
1491,300038,数知科技,
1492,300039,上海凯宝,
1493,300040,九洲集团,
1494,300041,回天新材,
1495,300042,朗科科技,
1496,300043,星辉娱乐,
1497,300044,赛为智能,
1498,300045,华力创通,
1499,300046,台基股份,
1500,300047,天源迪科,
1501,300048,合康新能,
1502,300049,福瑞股份,
1503,300050,世纪鼎利,
1504,300051,三五互联,
1505,300052,中青宝,
1506,300053,欧比特,
1507,300054,鼎龙股份,
1508,300055,万邦达,
1509,300056,中创环保,
1510,300057,万顺新材,
1511,300058,蓝色光标,
1512,300059,东方财富,
1513,300061,旗天科技,
1514,300062,中能电气,
1515,300063,天龙集团,
1516,300064,ST金刚,
1517,300065,海兰信,
1518,300066,三川智慧,
1519,300067,安诺其,
1520,300068,南都电源,
1521,300069,金利华电,
1522,300070,碧水源,
1523,300071,华谊嘉信,
1524,300072,三聚环保,
1525,300073,当升科技,
1526,300074,华平股份,
1527,300075,数字政通,
1528,300076,GQY视讯,
1529,300077,国民技术,
1530,300078,思创医惠,
1531,300079,数码科技,
1532,300080,易成新能,
1533,300081,恒信东方,
1534,300082,奥克股份,
1535,300083,创世纪,
1536,300084,海默科技,
1537,300085,银之杰,
1538,300086,康芝药业,
1539,300087,荃银高科,
1540,300088,长信科技,
1541,300089,文化长城,
1542,300091,金通灵,
1543,300092,科新机电,
1544,300093,金刚玻璃,
1545,300094,国联水产,
1546,300095,华伍股份,
1547,300096,易联众,
1548,300097,智云股份,
1549,300098,高新兴,
1550,300099,精准信息,
1551,300100,双林股份,
1552,300101,振芯科技,
1553,300102,乾照光电,
1554,300103,达刚控股,
1555,300105,龙源技术,
1556,300106,西部牧业,
1557,300107,建新股份,
1558,300108,吉药控股,
1559,300109,新开源,
1560,300110,华仁药业,
1561,300111,向日葵,
1562,300112,万讯自控,
1563,300113,顺网科技,
1564,300114,中航电测,
1565,300115,长盈精密,
1566,300116,保力新,
1567,300117,嘉寓股份,
1568,300118,东方日升,
1569,300119,瑞普生物,
1570,300120,经纬辉开,
1571,300121,阳谷华泰,
1572,300122,智飞生物,
1573,300123,亚光科技,
1574,300124,汇川技术,
1575,300125,聆达股份,
1576,300126,锐奇股份,
1577,300127,银河磁体,
1578,300128,锦富技术,
1579,300129,泰胜风能,
1580,300130,新国都,
1581,300131,英唐智控,
1582,300132,青松股份,
1583,300133,华策影视,
1584,300134,大富科技,
1585,300135,宝利国际,
1586,300136,信维通信,
1587,300137,先河环保,
1588,300138,晨光生物,
1589,300139,晓程科技,
1590,300140,中环装备,
1591,300141,和顺电气,
1592,300142,沃森生物,
1593,300143,盈康生命,
1594,300144,宋城演艺,
1595,300145,中金环境,
1596,300146,汤臣倍健,
1597,300147,香雪制药,
1598,300148,天舟文化,
1599,300149,睿智医药,
1600,300150,世纪瑞尔,
1601,300151,昌红科技,
1602,300152,科融环境,
1603,300153,科泰电源,
1604,300154,瑞凌股份,
1605,300155,安居宝,
1606,300157,恒泰艾普,
1607,300158,振东制药,
1608,300159,新研股份,
1609,300160,秀强股份,
1610,300161,华中数控,
1611,300162,雷曼光电,
1612,300163,先锋新材,
1613,300164,通源石油,
1614,300165,天瑞仪器,
1615,300166,东方国信,
1616,300167,迪威迅,
1617,300168,万达信息,
1618,300169,天晟新材,
1619,300170,汉得信息,
1620,300171,东富龙,
1621,300172,中电环保,
1622,300173,福能东方,
1623,300174,元力股份,
1624,300175,朗源股份,
1625,300176,派生科技,
1626,300177,中海达,
1627,300178,腾邦国际,
1628,300179,四方达,
1629,300180,华峰超纤,
1630,300181,佐力药业,
1631,300182,捷成股份,
1632,300183,东软载波,
1633,300184,力源信息,
1634,300185,通裕重工,
1635,300187,永清环保,
1636,300188,美亚柏科,
1637,300189,神农科技,
1638,300190,维尔利,
1639,300191,潜能恒信,
1640,300192,科德教育,
1641,300193,佳士科技,
1642,300194,福安药业,
1643,300195,长荣股份,
1644,300196,长海股份,
1645,300197,铁汉生态,
1646,300198,纳川股份,
1647,300199,翰宇药业,
1648,300200,高盟新材,
1649,300201,海伦哲,
1650,300202,聚龙股份,
1651,300203,聚光科技,
1652,300204,舒泰神,
1653,300205,天喻信息,
1654,300206,理邦仪器,
1655,300207,欣旺达,
1656,300208,青岛中程,
1657,300209,天泽信息,
1658,300210,森远股份,
1659,300211,亿通科技,
1660,300212,易华录,
1661,300213,佳讯飞鸿,
1662,300214,日科化学,
1663,300215,电科院,
1664,300217,东方电热,
1665,300218,安利股份,
1666,300219,鸿利智汇,
1667,300220,金运激光,
1668,300221,银禧科技,
1669,300222,科大智能,
1670,300223,北京君正,
1671,300224,正海磁材,
1672,300225,金力泰,
1673,300226,上海钢联,
1674,300227,光韵达,
1675,300228,富瑞特装,
1676,300229,拓尔思,
1677,300230,永利股份,
1678,300231,银信科技,
1679,300232,洲明科技,
1680,300233,金城医药,
1681,300234,开尔新材,
1682,300235,方直科技,
1683,300236,上海新阳,
1684,300237,美晨生态,
1685,300238,冠昊生物,
1686,300239,东宝生物,
1687,300240,飞力达,
1688,300241,瑞丰光电,
1689,300242,佳云科技,
1690,300243,瑞丰高材,
1691,300244,迪安诊断,
1692,300245,天玑科技,
1693,300246,宝莱特,
1694,300247,融捷健康,
1695,300248,新开普,
1696,300249,依米康,
1697,300250,初灵信息,
1698,300251,光线传媒,
1699,300252,金信诺,
1700,300253,卫宁健康,
1701,300254,仟源医药,
1702,300255,常山药业,
1703,300256,星星科技,
1704,300257,开山股份,
1705,300258,精锻科技,
1706,300259,新天科技,
1707,300260,新莱应材,
1708,300261,雅本化学,
1709,300262,巴安水务,
1710,300263,隆华科技,
1711,300264,佳创视讯,
1712,300265,通光线缆,
1713,300266,兴源环境,
1714,300267,尔康制药,
1715,300268,佳沃股份,
1716,300269,联建光电,
1717,300270,中威电子,
1718,300271,华宇软件,
1719,300272,开能健康,
1720,300273,和佳医疗,
1721,300274,阳光电源,
1722,300275,梅安森,
1723,300276,三丰智能,
1724,300277,海联讯,
1725,300278,华昌达,
1726,300279,和晶科技,
1727,300280,紫天科技,
1728,300281,金明精机,
1729,300282,三盛教育,
1730,300283,温州宏丰,
1731,300284,苏交科,
1732,300285,国瓷材料,
1733,300286,安科瑞,
1734,300287,飞利信,
1735,300288,朗玛信息,
1736,300289,利德曼,
1737,300290,荣科科技,
1738,300291,华录百纳,
1739,300292,吴通控股,
1740,300293,蓝英装备,
1741,300294,博雅生物,
1742,300295,三六五网,
1743,300296,利亚德,
1744,300297,蓝盾股份,
1745,300298,三诺生物,
1746,300299,富春股份,
1747,300300,海峡创新,
1748,300301,长方集团,
1749,300302,同有科技,
1750,300303,聚飞光电,
1751,300304,云意电气,
1752,300305,裕兴股份,
1753,300306,远方信息,
1754,300307,慈星股份,
1755,300308,中际旭创,
1756,300309,吉艾科技,
1757,300310,宜通世纪,
1758,300311,任子行,
1759,300312,邦讯技术,
1760,300313,天山生物,
1761,300314,戴维医疗,
1762,300315,掌趣科技,
1763,300316,晶盛机电,
1764,300317,珈伟新能,
1765,300318,博晖创新,
1766,300319,麦捷科技,
1767,300320,海达股份,
1768,300321,同大股份,
1769,300322,硕贝德,
1770,300323,华灿光电,
1771,300324,旋极信息,
1772,300325,德威新材,
1773,300326,凯利泰,
1774,300327,中颖电子,
1775,300328,宜安科技,
1776,300329,海伦钢琴,
1777,300330,华虹计通,
1778,300331,苏大维格,
1779,300332,天壕环境,
1780,300333,兆日科技,
1781,300334,津膜科技,
1782,300335,迪森股份,
1783,300336,新文化,
1784,300337,银邦股份,
1785,300338,开元教育,
1786,300339,润和软件,
1787,300340,科恒股份,
1788,300341,麦克奥迪,
1789,300342,天银机电,
1790,300343,联创股份,
1791,300344,太空智造,
1792,300345,华民股份,
1793,300346,南大光电,
1794,300347,泰格医药,
1795,300348,长亮科技,
1796,300349,金卡智能,
1797,300350,华鹏飞,
1798,300351,永贵电器,
1799,300352,北信源,
1800,300353,东土科技,
1801,300354,东华测试,
1802,300355,蒙草生态,
1803,300356,光一科技,
1804,300357,我武生物,
1805,300358,楚天科技,
1806,300359,全通教育,
1807,300360,炬华科技,
1808,300362,天翔环境,
1809,300363,博腾股份,
1810,300364,中文在线,
1811,300365,恒华科技,
1812,300366,创意信息,
1813,300367,ST网力,
1814,300368,汇金股份,
1815,300369,绿盟科技,
1816,300370,安控科技,
1817,300371,汇中股份,
1818,300373,扬杰科技,
1819,300374,中铁装配,
1820,300375,鹏翎股份,
1821,300376,易事特,
1822,300377,赢时胜,
1823,300378,鼎捷软件,
1824,300379,东方通,
1825,300380,安硕信息,
1826,300381,溢多利,
1827,300382,斯莱克,
1828,300383,光环新网,
1829,300384,三联虹普,
1830,300385,雪浪环境,
1831,300386,飞天诚信,
1832,300387,富邦股份,
1833,300388,节能国祯,
1834,300389,艾比森,
1835,300390,天华超净,
1836,300391,康跃科技,
1837,300392,腾信股份,
1838,300393,中来股份,
1839,300394,天孚通信,
1840,300395,菲利华,
1841,300396,迪瑞医疗,
1842,300397,天和防务,
1843,300398,飞凯材料,
1844,300399,天利科技,
1845,300400,劲拓股份,
1846,300401,花园生物,
1847,300402,宝色股份,
1848,300403,汉宇集团,
1849,300404,博济医药,
1850,300405,科隆股份,
1851,300406,九强生物,
1852,300407,凯发电气,
1853,300408,三环集团,
1854,300409,道氏技术,
1855,300410,正业科技,
1856,300411,金盾股份,
1857,300412,迦南科技,
1858,300413,芒果超媒,
1859,300414,中光防雷,
1860,300415,伊之密,
1861,300416,苏试试验,
1862,300417,南华仪器,
1863,300418,昆仑万维,
1864,300419,浩丰科技,
1865,300420,五洋停车,
1866,300421,力星股份,
1867,300422,博世科,
1868,300423,昇辉科技,
1869,300424,航新科技,
1870,300425,中建环能,
1871,300426,唐德影视,
1872,300427,红相股份,
1873,300428,四通新材,
1874,300429,强力新材,
1875,300430,诚益通,
1876,300432,富临精工,
1877,300433,蓝思科技,
1878,300434,金石亚药,
1879,300435,中泰股份,
1880,300436,广生堂,
1881,300437,清水源,
1882,300438,鹏辉能源,
1883,300439,美康生物,
1884,300440,运达科技,
1885,300441,鲍斯股份,
1886,300442,普丽盛,
1887,300443,金雷股份,
1888,300444,双杰电气,
1889,300445,康斯特,
1890,300446,ST乐凯,
1891,300447,全信股份,
1892,300448,浩云科技,
1893,300449,汉邦高科,
1894,300450,先导智能,
1895,300451,创业慧康,
1896,300452,山河药辅,
1897,300453,三鑫医疗,
1898,300454,深信服,
1899,300455,康拓红外,
1900,300456,赛微电子,
1901,300457,赢合科技,
1902,300458,全志科技,
1903,300459,金科文化,
1904,300460,惠伦晶体,
1905,300461,田中精机,
1906,300462,华铭智能,
1907,300463,迈克生物,
1908,300464,星徽股份,
1909,300465,高伟达,
1910,300466,赛摩智能,
1911,300467,迅游科技,
1912,300468,四方精创,
1913,300469,信息发展,
1914,300470,中密控股,
1915,300471,厚普股份,
1916,300472,新元科技,
1917,300473,德尔股份,
1918,300474,景嘉微,
1919,300475,聚隆科技,
1920,300476,胜宏科技,
1921,300477,合纵科技,
1922,300478,杭州高新,
1923,300479,神思电子,
1924,300480,光力科技,
1925,300481,濮阳惠成,
1926,300482,万孚生物,
1927,300483,首华燃气,
1928,300484,蓝海华腾,
1929,300485,赛升药业,
1930,300486,东杰智能,
1931,300487,蓝晓科技,
1932,300488,恒锋工具,
1933,300489,中飞股份,
1934,300490,华自科技,
1935,300491,通合科技,
1936,300492,华图山鼎,
1937,300493,润欣科技,
1938,300494,盛天网络,
1939,300495,美尚生态,
1940,300496,中科创达,
1941,300497,富祥药业,
1942,300498,温氏股份,
1943,300499,高澜股份,
1944,300500,启迪设计,
1945,300501,海顺新材,
1946,300502,新易盛,
1947,300503,昊志机电,
1948,300504,天邑股份,
1949,300505,川金诺,
1950,300506,名家汇,
1951,300507,苏奥传感,
1952,300508,维宏股份,
1953,300509,新美星,
1954,300510,金冠股份,
1955,300511,雪榕生物,
1956,300512,中亚股份,
1957,300513,恒实科技,
1958,300514,友讯达,
1959,300515,三德科技,
1960,300516,久之洋,
1961,300517,海波重科,
1962,300518,盛讯达,
1963,300519,新光药业,
1964,300520,科大国创,
1965,300521,爱司凯,
1966,300522,世名科技,
1967,300523,辰安科技,
1968,300525,博思软件,
1969,300526,中潜股份,
1970,300527,中船应急,
1971,300528,幸福蓝海,
1972,300529,健帆生物,
1973,300530,达志科技,
1974,300531,优博讯,
1975,300532,今天国际,
1976,300533,冰川网络,
1977,300534,陇神戎发,
1978,300535,达威股份,
1979,300536,农尚环境,
1980,300537,广信材料,
1981,300538,同益股份,
1982,300539,横河模具,
1983,300540,深冷股份,
1984,300541,先进数通,
1985,300542,新晨科技,
1986,300543,朗科智能,
1987,300545,联得装备,
1988,300546,雄帝科技,
1989,300547,川环科技,
1990,300548,博创科技,
1991,300549,优德精密,
1992,300550,和仁科技,
1993,300551,古鳌科技,
1994,300552,万集科技,
1995,300553,集智股份,
1996,300554,三超新材,
1997,300555,路通视信,
1998,300556,丝路视觉,
1999,300557,理工光科,
2000,300558,贝达药业,
2001,300559,佳发教育,
2002,300560,中富通,
2003,300561,汇金科技,
2004,300562,乐心医疗,
2005,300563,神宇股份,
2006,300564,筑博设计,
2007,300565,科信技术,
2008,300566,激智科技,
2009,300567,精测电子,
2010,300568,星源材质,
2011,300569,天能重工,
2012,300570,太辰光,
2013,300571,平治信息,
2014,300572,安车检测,
2015,300573,兴齐眼药,
2016,300575,中旗股份,
2017,300576,容大感光,
2018,300577,开润股份,
2019,300578,会畅通讯,
2020,300579,数字认证,
2021,300580,贝斯特,
2022,300581,晨曦航空,
2023,300582,英飞特,
2024,300583,赛托生物,
2025,300584,海辰药业,
2026,300585,奥联电子,
2027,300586,美联新材,
2028,300587,天铁股份,
2029,300588,熙菱信息,
2030,300589,江龙船艇,
2031,300590,移为通信,
2032,300591,万里马,
2033,300592,华凯创意,
2034,300593,新雷能,
2035,300594,朗进科技,
2036,300595,欧普康视,
2037,300596,利安隆,
2038,300597,吉大通信,
2039,300598,诚迈科技,
2040,300599,雄塑科技,
2041,300600,国瑞科技,
2042,300601,康泰生物,
2043,300602,飞荣达,
2044,300603,立昂技术,
2045,300604,长川科技,
2046,300605,恒锋信息,
2047,300606,金太阳,
2048,300607,拓斯达,
2049,300608,思特奇,
2050,300609,汇纳科技,
2051,300610,晨化股份,
2052,300611,美力科技,
2053,300612,宣亚国际,
2054,300613,富瀚微,
2055,300615,欣天科技,
2056,300616,尚品宅配,
2057,300617,安靠智电,
2058,300618,寒锐钴业,
2059,300619,金银河,
2060,300620,光库科技,
2061,300621,维业股份,
2062,300622,博士眼镜,
2063,300623,捷捷微电,
2064,300624,万兴科技,
2065,300625,三雄极光,
2066,300626,华瑞股份,
2067,300627,华测导航,
2068,300628,亿联网络,
2069,300629,新劲刚,
2070,300630,普利制药,
2071,300631,久吾高科,
2072,300632,光莆股份,
2073,300633,开立医疗,
2074,300634,彩讯股份,
2075,300635,中达安,
2076,300636,同和药业,
2077,300637,扬帆新材,
2078,300638,广和通,
2079,300639,凯普生物,
2080,300640,德艺文创,
2081,300641,正丹股份,
2082,300642,透景生命,
2083,300643,万通智控,
2084,300644,南京聚隆,
2085,300645,正元智慧,
2086,300647,超频三,
2087,300648,星云股份,
2088,300649,杭州园林,
2089,300650,太龙照明,
2090,300651,金陵体育,
2091,300652,雷迪克,
2092,300653,正海生物,
2093,300654,世纪天鸿,
2094,300655,晶瑞股份,
2095,300656,民德电子,
2096,300657,弘信电子,
2097,300658,延江股份,
2098,300659,中孚信息,
2099,300660,江苏雷利,
2100,300661,圣邦股份,
2101,300662,科锐国际,
2102,300663,科蓝软件,
2103,300664,鹏鹞环保,
2104,300665,飞鹿股份,
2105,300666,江丰电子,
2106,300667,必创科技,
2107,300668,杰恩设计,
2108,300669,沪宁股份,
2109,300670,大烨智能,
2110,300671,富满电子,
2111,300672,国科微,
2112,300673,佩蒂股份,
2113,300674,宇信科技,
2114,300675,建科院,
2115,300676,华大基因,
2116,300677,英科医疗,
2117,300678,中科信息,
2118,300679,电连技术,
2119,300680,隆盛科技,
2120,300681,英搏尔,
2121,300682,朗新科技,
2122,300683,海特生物,
2123,300684,中石科技,
2124,300685,艾德生物,
2125,300686,智动力,
2126,300687,赛意信息,
2127,300688,创业黑马,
2128,300689,澄天伟业,
2129,300690,双一科技,
2130,300691,联合光电,
2131,300692,中环环保,
2132,300693,盛弘股份,
2133,300694,蠡湖股份,
2134,300695,兆丰股份,
2135,300696,爱乐达,
2136,300697,电工合金,
2137,300698,万马科技,
2138,300699,光威复材,
2139,300700,岱勒新材,
2140,300701,森霸传感,
2141,300702,天宇股份,
2142,300703,创源股份,
2143,300705,九典制药,
2144,300706,阿石创,
2145,300707,威唐工业,
2146,300708,聚灿光电,
2147,300709,精研科技,
2148,300710,万隆光电,
2149,300711,广哈通信,
2150,300712,永福股份,
2151,300713,英可瑞,
2152,300715,凯伦股份,
2153,300716,国立科技,
2154,300717,华信新材,
2155,300718,长盛轴承,
2156,300719,安达维尔,
2157,300720,海川智能,
2158,300721,怡达股份,
2159,300722,新余国科,
2160,300723,一品红,
2161,300724,捷佳伟创,
2162,300725,药石科技,
2163,300726,宏达电子,
2164,300727,润禾材料,
2165,300729,乐歌股份,
2166,300730,科创信息,
2167,300731,科创新源,
2168,300732,设研院,
2169,300733,西菱动力,
2170,300735,光弘科技,
2171,300736,百邦科技,
2172,300737,科顺股份,
2173,300738,奥飞数据,
2174,300739,明阳电路,
2175,300740,御家汇,
2176,300741,华宝股份,
2177,300742,越博动力,
2178,300743,天地数码,
2179,300745,欣锐科技,
2180,300746,汉嘉设计,
2181,300747,锐科激光,
2182,300748,金力永磁,
2183,300749,顶固集创,
2184,300750,宁德时代,
2185,300751,迈为股份,
2186,300752,隆利科技,
2187,300753,爱朋医疗,
2188,300755,华致酒行,
2189,300756,中山金马,
2190,300757,罗博特科,
2191,300758,七彩化学,
2192,300759,康龙化成,
2193,300760,迈瑞医疗,
2194,300761,立华股份,
2195,300762,上海瀚讯,
2196,300763,锦浪科技,
2197,300765,新诺威,
2198,300766,每日互动,
2199,300767,震安科技,
2200,300768,迪普科技,
2201,300769,德方纳米,
2202,300770,新媒股份,
2203,300771,智莱科技,
2204,300772,运达股份,
2205,300773,拉卡拉,
2206,300775,三角防务,
2207,300776,帝尔激光,
2208,300777,中简科技,
2209,300778,新城市,
2210,300779,惠城环保,
2211,300780,德恩精工,
2212,300781,因赛集团,
2213,300782,卓胜微,
2214,300783,三只松鼠,
2215,300785,值得买,
2216,300786,国林科技,
2217,300787,海能实业,
2218,300788,中信出版,
2219,300789,唐源电气,
2220,300790,宇瞳光学,
2221,300791,仙乐健康,
2222,300792,壹网壹创,
2223,300793,佳禾智能,
2224,300795,米奥会展,
2225,300796,贝斯美,
2226,300797,钢研纳克,
2227,300798,锦鸡股份,
2228,300799,左江科技,
2229,300800,力合科技,
2230,300801,泰和科技,
2231,300802,矩子科技,
2232,300803,指南针,
2233,300805,电声股份,
2234,300806,斯迪克,
2235,300807,天迈科技,
2236,300808,久量股份,
2237,300809,华辰装备,
2238,300810,中科海讯,
2239,300811,铂科新材,
2240,300812,易天股份,
2241,300813,泰林生物,
2242,300815,玉禾田,
2243,300816,艾可蓝,
2244,300817,双飞股份,
2245,300818,耐普矿机,
2246,300819,聚杰微纤,
2247,300820,英杰电气,
2248,300821,东岳硅材,
2249,300822,贝仕达克,
2250,300823,建科机械,
2251,300824,北鼎股份,
2252,300825,阿尔特,
2253,300826,测绘股份,
2254,300827,上能电气,
2255,300828,锐新科技,
2256,300829,金丹科技,
2257,300830,金现代,
2258,300831,派瑞股份,
2259,300832,新产业,
2260,300833,浩洋股份,
2261,300835,龙磁科技,
2262,300836,佰奥智能,
2263,300837,浙矿股份,
2264,300838,浙江力诺,
2265,300839,博汇股份,
2266,300840,酷特智能,
2267,300841,康华生物,
2268,300842,帝科股份,
2269,300843,胜蓝股份,
2270,300845,捷安高科,
2271,300846,首都在线,
2272,300847,中船汉光,
2273,300848,美瑞新材,
2274,300849,锦盛新材,
2275,300850,新强联,
2276,300851,交大思诺,
2277,300852,四会富仕,
2278,300853,申昊科技,
2279,300855,图南股份,
2280,300856,科思股份,
2281,300857,协创数据,
2282,300858,科拓生物,
2283,300859,西域旅游,
2284,300860,锋尚文化,
2285,300861,美畅股份,
2286,300862,蓝盾光电,
2287,300863,卡倍亿,
2288,300864,南大环境,
2289,300865,大宏立,
2290,300866,安克创新,
2291,300867,圣元环保,
2292,300868,杰美特,
2293,300869,康泰医学,
2294,300870,欧陆通,
2295,300871,回盛生物,
2296,300872,天阳科技,
2297,300873,海晨股份,
2298,300875,捷强装备,
2299,300876,蒙泰高新,
2300,300877,金春股份,
2301,300878,维康药业,
2302,300879,大叶股份,
2303,300880,迦南智能,
2304,300881,盛德鑫泰,
2305,300882,万胜智能,
2306,300883,龙利得,
2307,300884,狄耐克,
2308,300885,海昌新材,
2309,300886,华业香料,
2310,300887,谱尼测试,
2311,300888,稳健医疗,
2312,300889,爱克股份,
2313,300890,翔丰华,
2314,300891,惠云钛业,
2315,300892,品渥食品,
2316,300893,松原股份,
2317,300894,火星人,
2318,300895,铜牛信息,
2319,300896,爱美客,
2320,300897,山科智能,
2321,300898,熊猫乳品,
2322,300899,上海凯鑫,
2323,300900,广联航空,
2324,300901,中胤时尚,
2325,300902,国安达,
2326,300903,科翔股份,
2327,300905,宝丽迪,
2328,300906,日月明,
2329,300907,康平科技,
2330,300908,仲景食品,
2331,300909,汇创达,
2332,300910,瑞丰新材,
2333,300911,亿田智能,
2334,300912,凯龙高科,
2335,300913,兆龙互连,
2336,300915,海融科技,
2337,300916,朗特智能,
2338,300917,特发服务,
2339,300918,南山智尚,
2340,300919,中伟股份,
2341,300920,润阳科技,
2342,300921,南凌科技,
2343,300922,天秦装备,
2344,300923,研奥股份,
2345,300925,法本信息,
2346,300926,C博俊,
2347,300927,C江天,
2348,300928,C华安,
2349,300999,金龙鱼,
2350,600000,浦发银行,
2351,600004,白云机场,
2352,600006,东风汽车,
2353,600007,中国国贸,
2354,600008,首创股份,
2355,600009,上海机场,
2356,600010,包钢股份,
2357,600011,华能国际,
2358,600012,皖通高速,
2359,600015,华夏银行,
2360,600016,民生银行,
2361,600017,日照港,
2362,600018,上港集团,
2363,600019,宝钢股份,
2364,600020,中原高速,
2365,600021,上海电力,
2366,600022,山东钢铁,
2367,600023,浙能电力,
2368,600025,华能水电,
2369,600026,中远海能,
2370,600027,华电国际,
2371,600028,中国石化,
2372,600029,南方航空,
2373,600030,中信证券,
2374,600031,三一重工,
2375,600033,福建高速,
2376,600035,楚天高速,
2377,600036,招商银行,
2378,600037,歌华有线,
2379,600038,中直股份,
2380,600039,四川路桥,
2381,600048,保利地产,
2382,600050,中国联通,
2383,600051,宁波联合,
2384,600052,浙江广厦,
2385,600053,九鼎投资,
2386,600054,黄山旅游,
2387,600055,万东医疗,
2388,600056,中国医药,
2389,600057,厦门象屿,
2390,600058,五矿发展,
2391,600059,古越龙山,
2392,600060,海信视像,
2393,600061,国投资本,
2394,600062,华润双鹤,
2395,600063,皖维高新,
2396,600064,南京高科,
2397,600066,宇通客车,
2398,600067,冠城大通,
2399,600068,葛洲坝,
2400,600070,浙江富润,
2401,600071,凤凰光学,
2402,600072,中船科技,
2403,600073,上海梅林,
2404,600075,新疆天业,
2405,600076,康欣新材,
2406,600077,宋都股份,
2407,600078,澄星股份,
2408,600079,人福医药,
2409,600080,ST金花,
2410,600081,东风科技,
2411,600082,海泰发展,
2412,600083,*ST博信,
2413,600084,ST中葡,
2414,600085,同仁堂,
2415,600086,*ST金钰,
2416,600088,中视传媒,
2417,600089,特变电工,
2418,600090,*ST济堂,
2419,600091,ST明科,
2420,600093,易见股份,
2421,600094,大名城,
2422,600095,湘财股份,
2423,600096,云天化,
2424,600097,开创国际,
2425,600098,广州发展,
2426,600099,林海股份,
2427,600100,同方股份,
2428,600101,明星电力,
2429,600103,青山纸业,
2430,600104,上汽集团,
2431,600105,永鼎股份,
2432,600106,重庆路桥,
2433,600107,美尔雅,
2434,600108,亚盛集团,
2435,600109,国金证券,
2436,600110,诺德股份,
2437,600111,北方稀土,
2438,600112,ST天成,
2439,600113,浙江东日,
2440,600114,东睦股份,
2441,600115,东方航空,
2442,600116,三峡水利,
2443,600117,西宁特钢,
2444,600118,中国卫星,
2445,600119,ST长投,
2446,600120,浙江东方,
2447,600121,郑州煤电,
2448,600122,*ST宏图,
2449,600123,兰花科创,
2450,600125,铁龙物流,
2451,600126,杭钢股份,
2452,600127,金健米业,
2453,600128,弘业股份,
2454,600129,太极集团,
2455,600130,波导股份,
2456,600131,国网信通,
2457,600132,重庆啤酒,
2458,600133,东湖高新,
2459,600135,乐凯胶片,
2460,600136,当代文体,
2461,600137,浪莎股份,
2462,600138,中青旅,
2463,600139,西部资源,
2464,600141,兴发集团,
2465,600143,金发科技,
2466,600145,*ST新亿,
2467,600146,*ST环球,
2468,600148,长春一东,
2469,600149,ST坊展,
2470,600150,中国船舶,
2471,600151,航天机电,
2472,600152,维科技术,
2473,600153,建发股份,
2474,600155,华创阳安,
2475,600156,华升股份,
2476,600157,*ST永泰,
2477,600158,中体产业,
2478,600159,大龙地产,
2479,600160,巨化股份,
2480,600161,天坛生物,
2481,600162,香江控股,
2482,600163,中闽能源,
2483,600165,新日恒力,
2484,600166,福田汽车,
2485,600167,联美控股,
2486,600168,武汉控股,
2487,600169,太原重工,
2488,600170,上海建工,
2489,600171,上海贝岭,
2490,600172,黄河旋风,
2491,600173,卧龙地产,
2492,600176,中国巨石,
2493,600177,雅戈尔,
2494,600178,东安动力,
2495,600179,*ST安通,
2496,600180,瑞茂通,
2497,600182,S佳通,
2498,600183,生益科技,
2499,600184,光电股份,
2500,600185,格力地产,
2501,600186,莲花健康,
2502,600187,国中水务,
2503,600188,兖州煤业,
2504,600189,泉阳泉,
2505,600190,锦州港,
2506,600191,华资实业,
2507,600192,长城电工,
2508,600193,ST创兴,
2509,600195,中牧股份,
2510,600196,复星医药,
2511,600197,伊力特,
2512,600198,大唐电信,
2513,600199,金种子酒,
2514,600200,江苏吴中,
2515,600201,生物股份,
2516,600202,哈空调,
2517,600203,福日电子,
2518,600206,有研新材,
2519,600207,安彩高科,
2520,600208,新湖中宝,
2521,600209,ST罗顿,
2522,600210,紫江企业,
2523,600211,西藏药业,
2524,600212,*ST江泉,
2525,600213,亚星客车,
2526,600215,*ST经开,
2527,600216,浙江医药,
2528,600217,中再资环,
2529,600218,全柴动力,
2530,600219,南山铝业,
2531,600220,江苏阳光,
2532,600221,海航控股,
2533,600222,太龙药业,
2534,600223,鲁商发展,
2535,600225,*ST松江,
2536,600226,*ST瀚叶,
2537,600227,圣济堂,
2538,600228,ST昌九,
2539,600229,城市传媒,
2540,600230,沧州大化,
2541,600231,凌钢股份,
2542,600232,金鹰股份,
2543,600233,圆通速递,
2544,600234,ST山水,
2545,600235,民丰特纸,
2546,600236,桂冠电力,
2547,600237,铜峰电子,
2548,600238,ST椰岛,
2549,600239,云南城投,
2550,600241,*ST时万,
2551,600242,*ST中昌,
2552,600243,*ST海华,
2553,600246,万通发展,
2554,600247,*ST成城,
2555,600248,延长化建,
2556,600249,两面针,
2557,600250,南纺股份,
2558,600251,冠农股份,
2559,600252,中恒集团,
2560,600255,*ST鑫科,
2561,600256,广汇能源,
2562,600257,大湖股份,
2563,600258,首旅酒店,
2564,600259,广晟有色,
2565,600260,凯乐科技,
2566,600261,阳光照明,
2567,600262,北方股份,
2568,600265,ST景谷,
2569,600266,城建发展,
2570,600267,海正药业,
2571,600268,国电南自,
2572,600269,赣粤高速,
2573,600271,航天信息,
2574,600272,开开实业,
2575,600273,嘉化能源,
2576,600275,ST昌鱼,
2577,600276,恒瑞医药,
2578,600277,亿利洁能,
2579,600278,东方创业,
2580,600279,重庆港九,
2581,600280,*ST中商,
2582,600281,太化股份,
2583,600282,南钢股份,
2584,600283,钱江水利,
2585,600284,浦东建设,
2586,600285,羚锐制药,
2587,600287,江苏舜天,
2588,600288,大恒科技,
2589,600289,*ST信通,
2590,600290,*ST华仪,
2591,600291,西水股份,
2592,600292,远达环保,
2593,600293,三峡新材,
2594,600295,鄂尔多斯,
2595,600297,广汇汽车,
2596,600298,安琪酵母,
2597,600299,安迪苏,
2598,600300,维维股份,
2599,600301,ST南化,
2600,600302,标准股份,
2601,600303,曙光股份,
2602,600305,恒顺醋业,
2603,600306,*ST商城,
2604,600307,酒钢宏兴,
2605,600308,华泰股份,
2606,600309,万华化学,
2607,600310,桂东电力,
2608,600311,*ST荣华,
2609,600312,平高电气,
2610,600313,农发种业,
2611,600315,上海家化,
2612,600316,洪都航空,
2613,600317,营口港,
2614,600318,新力金融,
2615,600319,ST亚星,
2616,600320,振华重工,
2617,600321,正源股份,
2618,600322,天房发展,
2619,600323,瀚蓝环境,
2620,600325,华发股份,
2621,600326,西藏天路,
2622,600327,大东方,
2623,600328,中盐化工,
2624,600329,中新药业,
2625,600330,天通股份,
2626,600331,宏达股份,
2627,600332,白云山,
2628,600333,长春燃气,
2629,600335,国机汽车,
2630,600336,澳柯玛,
2631,600337,美克家居,
2632,600338,西藏珠峰,
2633,600339,中油工程,
2634,600340,华夏幸福,
2635,600343,航天动力,
2636,600345,长江通信,
2637,600346,恒力石化,
2638,600348,阳泉煤业,
2639,600350,山东高速,
2640,600351,亚宝药业,
2641,600352,浙江龙盛,
2642,600353,旭光电子,
2643,600354,*ST敦种,
2644,600355,精伦电子,
2645,600356,恒丰纸业,
2646,600358,*ST联合,
2647,600359,新农开发,
2648,600360,华微电子,
2649,600361,华联综超,
2650,600362,江西铜业,
2651,600363,联创光电,
2652,600365,ST通葡,
2653,600366,宁波韵升,
2654,600367,红星发展,
2655,600368,五洲交通,
2656,600369,西南证券,
2657,600370,三房巷,
2658,600371,万向德农,
2659,600372,中航电子,
2660,600373,中文传媒,
2661,600375,汉马科技,
2662,600376,首开股份,
2663,600377,宁沪高速,
2664,600378,昊华科技,
2665,600379,宝光股份,
2666,600380,健康元,
2667,600381,青海春天,
2668,600382,广东明珠,
2669,600383,金地集团,
2670,600385,ST金泰,
2671,600386,北巴传媒,
2672,600387,海越能源,
2673,600388,龙净环保,
2674,600389,江山股份,
2675,600390,五矿资本,
2676,600391,航发科技,
2677,600392,盛和资源,
2678,600393,粤泰股份,
2679,600395,盘江股份,
2680,600396,金山股份,
2681,600397,安源煤业,
2682,600398,海澜之家,
2683,600399,ST抚钢,
2684,600400,红豆股份,
2685,600403,大有能源,
2686,600405,动力源,
2687,600406,国电南瑞,
2688,600408,ST安泰,
2689,600409,三友化工,
2690,600410,华胜天成,
2691,600415,小商品城,
2692,600416,*ST湘电,
2693,600418,江淮汽车,
2694,600419,天润乳业,
2695,600420,现代制药,
2696,600421,ST华嵘,
2697,600422,昆药集团,
2698,600423,ST柳化,
2699,600425,青松建化,
2700,600426,华鲁恒升,
2701,600428,中远海特,
2702,600429,三元股份,
2703,600433,冠豪高新,
2704,600435,北方导航,
2705,600436,片仔癀,
2706,600438,通威股份,
2707,600439,瑞贝卡,
2708,600444,国机通用,
2709,600446,金证股份,
2710,600448,华纺股份,
2711,600449,宁夏建材,
2712,600452,涪陵电力,
2713,600455,博通股份,
2714,600456,宝钛股份,
2715,600458,时代新材,
2716,600459,贵研铂业,
2717,600460,士兰微,
2718,600461,洪城水业,
2719,600462,*ST九有,
2720,600463,空港股份,
2721,600466,蓝光发展,
2722,600467,好当家,
2723,600468,百利电气,
2724,600469,风神股份,
2725,600470,*ST六化,
2726,600475,华光环能,
2727,600476,湘邮科技,
2728,600477,杭萧钢构,
2729,600478,科力远,
2730,600479,千金药业,
2731,600480,凌云股份,
2732,600481,双良节能,
2733,600482,中国动力,
2734,600483,福能股份,
2735,600486,扬农化工,
2736,600487,亨通光电,
2737,600488,天药股份,
2738,600489,中金黄金,
2739,600490,鹏欣资源,
2740,600491,龙元建设,
2741,600493,凤竹纺织,
2742,600495,晋西车轴,
2743,600496,精工钢构,
2744,600497,驰宏锌锗,
2745,600498,烽火通信,
2746,600499,科达制造,
2747,600500,中化国际,
2748,600501,航天晨光,
2749,600502,安徽建工,
2750,600503,华丽家族,
2751,600505,西昌电力,
2752,600506,香梨股份,
2753,600507,方大特钢,
2754,600508,上海能源,
2755,600509,天富能源,
2756,600510,黑牡丹,
2757,600511,国药股份,
2758,600512,腾达建设,
2759,600513,联环药业,
2760,600515,海航基础,
2761,600516,方大炭素,
2762,600517,国网英大,
2763,600518,ST康美,
2764,600519,贵州茅台,
2765,600520,文一科技,
2766,600521,华海药业,
2767,600522,中天科技,
2768,600523,贵航股份,
2769,600525,长园集团,
2770,600526,菲达环保,
2771,600527,江南高纤,
2772,600528,中铁工业,
2773,600529,山东药玻,
2774,600530,*ST交昂,
2775,600531,豫光金铅,
2776,600532,宏达矿业,
2777,600533,栖霞建设,
2778,600535,天士力,
2779,600536,中国软件,
2780,600537,亿晶光电,
2781,600538,国发股份,
2782,600539,ST狮头,
2783,600540,新赛股份,
2784,600543,莫高股份,
2785,600545,卓郎智能,
2786,600546,山煤国际,
2787,600547,山东黄金,
2788,600548,深高速,
2789,600549,厦门钨业,
2790,600550,保变电气,
2791,600551,时代出版,
2792,600552,凯盛科技,
2793,600555,*ST海创,
2794,600556,天下秀,
2795,600557,康缘药业,
2796,600558,大西洋,
2797,600559,老白干酒,
2798,600560,金自天正,
2799,600561,江西长运,
2800,600562,国睿科技,
2801,600563,法拉电子,
2802,600565,迪马股份,
2803,600566,济川药业,
2804,600567,山鹰国际,
2805,600568,*ST中珠,
2806,600569,安阳钢铁,
2807,600570,恒生电子,
2808,600571,信雅达,
2809,600572,康恩贝,
2810,600573,惠泉啤酒,
2811,600575,淮河能源,
2812,600576,祥源文化,
2813,600577,精达股份,
2814,600578,京能电力,
2815,600579,克劳斯,
2816,600580,卧龙电驱,
2817,600581,八一钢铁,
2818,600582,天地科技,
2819,600583,海油工程,
2820,600584,长电科技,
2821,600585,海螺水泥,
2822,600586,金晶科技,
2823,600587,新华医疗,
2824,600588,用友网络,
2825,600589,广东榕泰,
2826,600590,泰豪科技,
2827,600592,龙溪股份,
2828,600593,大连圣亚,
2829,600594,益佰制药,
2830,600595,*ST中孚,
2831,600596,新安股份,
2832,600597,光明乳业,
2833,600598,北大荒,
2834,600599,*ST熊猫,
2835,600600,青岛啤酒,
2836,600601,方正科技,
2837,600602,云赛智联,
2838,600603,广汇物流,
2839,600604,市北高新,
2840,600605,汇通能源,
2841,600606,绿地控股,
2842,600608,ST沪科,
2843,600609,金杯汽车,
2844,600610,ST毅达,
2845,600611,大众交通,
2846,600612,老凤祥,
2847,600613,神奇制药,
2848,600615,丰华股份,
2849,600616,金枫酒业,
2850,600617,国新能源,
2851,600618,氯碱化工,
2852,600619,海立股份,
2853,600620,天宸股份,
2854,600621,华鑫股份,
2855,600622,光大嘉宝,
2856,600623,华谊集团,
2857,600624,复旦复华,
2858,600626,申达股份,
2859,600628,新世界,
2860,600629,华建集团,
2861,600630,龙头股份,
2862,600633,浙数文化,
2863,600635,大众公用,
2864,600636,国新文化,
2865,600637,东方明珠,
2866,600638,新黄浦,
2867,600639,浦东金桥,
2868,600640,号百控股,
2869,600641,万业企业,
2870,600642,申能股份,
2871,600643,爱建集团,
2872,600644,乐山电力,
2873,600645,中源协和,
2874,600647,同达创业,
2875,600648,外高桥,
2876,600649,城投控股,
2877,600650,锦江投资,
2878,600651,*ST飞乐,
2879,600652,ST游久,
2880,600653,申华控股,
2881,600654,ST中安,
2882,600655,豫园股份,
2883,600657,信达地产,
2884,600658,电子城,
2885,600660,福耀玻璃,
2886,600661,昂立教育,
2887,600662,强生控股,
2888,600663,陆家嘴,
2889,600664,哈药股份,
2890,600665,天地源,
2891,600666,ST瑞德,
2892,600667,太极实业,
2893,600668,尖峰集团,
2894,600671,*ST目药,
2895,600673,东阳光,
2896,600674,川投能源,
2897,600675,中华企业,
2898,600676,交运股份,
2899,600678,四川金顶,
2900,600679,上海凤凰,
2901,600681,百川能源,
2902,600682,南京新百,
2903,600683,京投发展,
2904,600684,珠江实业,
2905,600685,中船防务,
2906,600686,金龙汽车,
2907,600687,退市刚泰,
2908,600688,上海石化,
2909,600689,上海三毛,
2910,600690,海尔智家,
2911,600691,阳煤化工,
2912,600692,亚通股份,
2913,600693,东百集团,
2914,600694,大商股份,
2915,600695,绿庭投资,
2916,600696,ST岩石,
2917,600697,欧亚集团,
2918,600698,ST天雁,
2919,600699,均胜电子,
2920,600702,ST舍得,
2921,600703,三安光电,
2922,600704,物产中大,
2923,600705,中航资本,
2924,600706,曲江文旅,
2925,600707,彩虹股份,
2926,600708,光明地产,
2927,600710,苏美达,
2928,600711,盛屯矿业,
2929,600712,南宁百货,
2930,600713,南京医药,
2931,600714,金瑞矿业,
2932,600715,文投控股,
2933,600716,凤凰股份,
2934,600717,天津港,
2935,600718,东软集团,
2936,600719,大连热电,
2937,600720,祁连山,
2938,600721,ST百花,
2939,600722,金牛化工,
2940,600723,首商股份,
2941,600724,宁波富达,
2942,600725,ST云维,
2943,600726,华电能源,
2944,600727,鲁北化工,
2945,600728,佳都科技,
2946,600729,重庆百货,
2947,600730,中国高科,
2948,600731,湖南海利,
2949,600732,爱旭股份,
2950,600733,北汽蓝谷,
2951,600734,*ST实达,
2952,600735,新华锦,
2953,600736,苏州高新,
2954,600737,中粮糖业,
2955,600738,兰州民百,
2956,600739,辽宁成大,
2957,600740,山西焦化,
2958,600741,华域汽车,
2959,600742,一汽富维,
2960,600743,华远地产,
2961,600744,华银电力,
2962,600745,闻泰科技,
2963,600746,江苏索普,
2964,600748,上实发展,
2965,600749,西藏旅游,
2966,600750,江中药业,
2967,600751,海航科技,
2968,600753,东方银星,
2969,600754,锦江酒店,
2970,600755,厦门国贸,
2971,600756,浪潮软件,
2972,600757,长江传媒,
2973,600758,辽宁能源,
2974,600759,洲际油气,
2975,600760,中航沈飞,
2976,600761,安徽合力,
2977,600763,通策医疗,
2978,600764,中国海防,
2979,600765,中航重机,
2980,600766,园城黄金,
2981,600767,ST运盛,
2982,600768,宁波富邦,
2983,600769,祥龙电业,
2984,600770,综艺股份,
2985,600771,广誉远,
2986,600773,西藏城投,
2987,600774,汉商集团,
2988,600775,南京熊猫,
2989,600776,东方通信,
2990,600777,新潮能源,
2991,600778,友好集团,
2992,600779,水井坊,
2993,600780,通宝能源,
2994,600781,*ST辅仁,
2995,600782,新钢股份,
2996,600783,鲁信创投,
2997,600784,鲁银投资,
2998,600785,新华百货,
2999,600787,中储股份,
3000,600789,鲁抗医药,
3001,600790,轻纺城,
3002,600791,京能置业,
3003,600792,云煤能源,
3004,600793,宜宾纸业,
3005,600794,保税科技,
3006,600795,国电电力,
3007,600796,钱江生化,
3008,600797,浙大网新,
3009,600798,宁波海运,
3010,600800,天津磁卡,
3011,600801,华新水泥,
3012,600802,福建水泥,
3013,600803,新奥股份,
3014,600804,鹏博士,
3015,600805,悦达投资,
3016,600807,济南高新,
3017,600808,马钢股份,
3018,600809,山西汾酒,
3019,600810,神马股份,
3020,600811,东方集团,
3021,600812,华北制药,
3022,600814,杭州解百,
3023,600815,*ST厦工,
3024,600816,*ST安信,
3025,600817,ST宏盛,
3026,600818,中路股份,
3027,600819,耀皮玻璃,
3028,600820,隧道股份,
3029,600821,*ST劝业,
3030,600822,上海物贸,
3031,600823,世茂股份,
3032,600824,益民集团,
3033,600825,新华传媒,
3034,600826,兰生股份,
3035,600827,百联股份,
3036,600828,茂业商业,
3037,600829,人民同泰,
3038,600830,香溢融通,
3039,600831,广电网络,
3040,600833,第一医药,
3041,600834,申通地铁,
3042,600835,上海机电,
3043,600836,*ST界龙,
3044,600837,海通证券,
3045,600838,上海九百,
3046,600839,四川长虹,
3047,600841,上柴股份,
3048,600843,上工申贝,
3049,600844,丹化科技,
3050,600845,宝信软件,
3051,600846,同济科技,
3052,600847,万里股份,
3053,600848,上海临港,
3054,600850,华东电脑,
3055,600851,海欣股份,
3056,600853,龙建股份,
3057,600854,春兰股份,
3058,600855,航天长峰,
3059,600856,*ST中天,
3060,600857,宁波中百,
3061,600858,银座股份,
3062,600859,王府井,
3063,600860,*ST京城,
3064,600861,北京城乡,
3065,600862,中航高科,
3066,600863,内蒙华电,
3067,600864,哈投股份,
3068,600865,百大集团,
3069,600866,星湖科技,
3070,600867,通化东宝,
3071,600868,梅雁吉祥,
3072,600869,远东股份,
3073,600870,ST厦华,
3074,600871,石化油服,
3075,600872,中炬高新,
3076,600873,梅花生物,
3077,600874,创业环保,
3078,600875,东方电气,
3079,600876,洛阳玻璃,
3080,600877,ST电能,
3081,600879,航天电子,
3082,600880,博瑞传播,
3083,600881,亚泰集团,
3084,600882,妙可蓝多,
3085,600883,博闻科技,
3086,600884,杉杉股份,
3087,600885,宏发股份,
3088,600886,国投电力,
3089,600887,伊利股份,
3090,600888,新疆众和,
3091,600889,南京化纤,
3092,600890,中房股份,
3093,600892,*ST大晟,
3094,600893,航发动力,
3095,600894,广日股份,
3096,600895,张江高科,
3097,600896,览海医疗,
3098,600897,厦门空港,
3099,600898,*ST美讯,
3100,600900,长江电力,
3101,600901,江苏租赁,
3102,600903,贵州燃气,
3103,600908,无锡银行,
3104,600909,华安证券,
3105,600917,重庆燃气,
3106,600918,中泰证券,
3107,600919,江苏银行,
3108,600926,杭州银行,
3109,600928,西安银行,
3110,600929,雪天盐业,
3111,600933,爱柯迪,
3112,600936,广西广电,
3113,600939,重庆建工,
3114,600956,新天绿能,
3115,600958,东方证券,
3116,600959,江苏有线,
3117,600960,渤海汽车,
3118,600961,株冶集团,
3119,600962,国投中鲁,
3120,600963,岳阳林纸,
3121,600965,福成股份,
3122,600966,博汇纸业,
3123,600967,内蒙一机,
3124,600968,海油发展,
3125,600969,郴电国际,
3126,600970,中材国际,
3127,600971,恒源煤电,
3128,600973,宝胜股份,
3129,600975,新五丰,
3130,600976,健民集团,
3131,600977,中国电影,
3132,600978,*ST宜生,
3133,600979,广安爱众,
3134,600980,北矿科技,
3135,600981,汇鸿集团,
3136,600982,宁波热电,
3137,600983,惠而浦,
3138,600984,建设机械,
3139,600985,淮北矿业,
3140,600986,科达股份,
3141,600987,航民股份,
3142,600988,赤峰黄金,
3143,600989,宝丰能源,
3144,600990,四创电子,
3145,600992,贵绳股份,
3146,600993,马应龙,
3147,600995,文山电力,
3148,600996,贵广网络,
3149,600997,开滦股份,
3150,600998,九州通,
3151,600999,招商证券,
3152,601000,唐山港,
3153,601001,晋控煤业,
3154,601002,晋亿实业,
3155,601003,柳钢股份,
3156,601005,重庆钢铁,
3157,601006,大秦铁路,
3158,601007,金陵饭店,
3159,601008,连云港,
3160,601009,南京银行,
3161,601010,文峰股份,
3162,601011,宝泰隆,
3163,601012,隆基股份,
3164,601015,陕西黑猫,
3165,601016,节能风电,
3166,601018,宁波港,
3167,601019,山东出版,
3168,601020,华钰矿业,
3169,601021,春秋航空,
3170,601028,玉龙股份,
3171,601038,一拖股份,
3172,601058,赛轮轮胎,
3173,601066,中信建投,
3174,601068,中铝国际,
3175,601069,西部黄金,
3176,601077,渝农商行,
3177,601086,国芳集团,
3178,601088,中国神华,
3179,601098,中南传媒,
3180,601099,太平洋,
3181,601100,恒立液压,
3182,601101,昊华能源,
3183,601106,中国一重,
3184,601107,四川成渝,
3185,601108,财通证券,
3186,601111,中国国航,
3187,601113,ST华鼎,
3188,601116,三江购物,
3189,601117,中国化学,
3190,601118,海南橡胶,
3191,601126,四方股份,
3192,601127,小康股份,
3193,601128,常熟银行,
3194,601137,博威合金,
3195,601138,工业富联,
3196,601139,深圳燃气,
3197,601155,新城控股,
3198,601158,重庆水务,
3199,601162,天风证券,
3200,601163,三角轮胎,
3201,601166,兴业银行,
3202,601168,西部矿业,
3203,601169,北京银行,
3204,601177,杭齿前进,
3205,601179,中国西电,
3206,601186,中国铁建,
3207,601187,厦门银行,
3208,601188,龙江交通,
3209,601198,东兴证券,
3210,601199,江南水务,
3211,601200,上海环境,
3212,601208,东材科技,
3213,601211,国泰君安,
3214,601212,白银有色,
3215,601216,君正集团,
3216,601218,吉鑫科技,
3217,601222,林洋能源,
3218,601225,陕西煤业,
3219,601226,华电重工,
3220,601228,广州港,
3221,601229,上海银行,
3222,601231,环旭电子,
3223,601233,桐昆股份,
3224,601236,红塔证券,
3225,601238,广汽集团,
3226,601258,ST庞大,
3227,601288,农业银行,
3228,601298,青岛港,
3229,601311,骆驼股份,
3230,601318,中国平安,
3231,601319,中国人保,
3232,601326,秦港股份,
3233,601328,交通银行,
3234,601330,绿色动力,
3235,601333,广深铁路,
3236,601336,新华保险,
3237,601339,百隆东方,
3238,601360,三六零,
3239,601366,利群股份,
3240,601368,绿城水务,
3241,601369,陕鼓动力,
3242,601375,中原证券,
3243,601377,兴业证券,
3244,601388,怡球资源,
3245,601390,中国中铁,
3246,601398,工商银行,
3247,601399,ST国重装,
3248,601456,国联证券,
3249,601500,通用股份,
3250,601512,中新集团,
3251,601515,东风股份,
3252,601518,吉林高速,
3253,601519,大智慧,
3254,601555,东吴证券,
3255,601566,九牧王,
3256,601567,三星医疗,
3257,601568,北元集团,
3258,601577,长沙银行,
3259,601579,会稽山,
3260,601588,北辰实业,
3261,601595,上海电影,
3262,601598,中国外运,
3263,601599,鹿港文化,
3264,601600,中国铝业,
3265,601601,中国太保,
3266,601606,长城军工,
3267,601607,上海医药,
3268,601608,中信重工,
3269,601609,金田铜业,
3270,601611,中国核建,
3271,601615,明阳智能,
3272,601616,广电电气,
3273,601618,中国中冶,
3274,601619,嘉泽新能,
3275,601628,中国人寿,
3276,601633,长城汽车,
3277,601636,旗滨集团,
3278,601658,邮储银行,
3279,601666,平煤股份,
3280,601668,中国建筑,
3281,601669,中国电建,
3282,601677,明泰铝业,
3283,601678,滨化股份,
3284,601686,友发集团,
3285,601688,华泰证券,
3286,601689,拓普集团,
3287,601696,中银证券,
3288,601698,中国卫通,
3289,601699,潞安环能,
3290,601700,风范股份,
3291,601702,华峰铝业,
3292,601717,郑煤机,
3293,601718,际华集团,
3294,601727,上海电气,
3295,601766,中国中车,
3296,601777,*ST力帆,
3297,601778,晶科科技,
3298,601788,光大证券,
3299,601789,宁波建工,
3300,601798,蓝科高新,
3301,601799,星宇股份,
3302,601800,中国交建,
3303,601801,皖新传媒,
3304,601808,中海油服,
3305,601811,新华文轩,
3306,601816,京沪高铁,
3307,601818,光大银行,
3308,601827,三峰环境,
3309,601828,美凯龙,
3310,601838,成都银行,
3311,601857,中国石油,
3312,601858,中国科传,
3313,601860,紫金银行,
3314,601865,福莱特,
3315,601866,中远海发,
3316,601869,长飞光纤,
3317,601872,招商轮船,
3318,601877,正泰电器,
3319,601878,浙商证券,
3320,601880,大连港,
3321,601881,中国银河,
3322,601882,海天精工,
3323,601886,江河集团,
3324,601888,中国中免,
3325,601890,亚星锚链,
3326,601898,中煤能源,
3327,601899,紫金矿业,
3328,601900,南方传媒,
3329,601901,方正证券,
3330,601908,京运通,
3331,601916,浙商银行,
3332,601918,新集能源,
3333,601919,中远海控,
3334,601928,凤凰传媒,
3335,601929,吉视传媒,
3336,601933,永辉超市,
3337,601939,建设银行,
3338,601949,中国出版,
3339,601952,苏垦农发,
3340,601956,东贝集团,
3341,601958,金钼股份,
3342,601965,中国汽研,
3343,601966,玲珑轮胎,
3344,601968,宝钢包装,
3345,601969,海南矿业,
3346,601975,招商南油,
3347,601985,中国核电,
3348,601988,中国银行,
3349,601989,中国重工,
3350,601990,南京证券,
3351,601991,大唐发电,
3352,601992,金隅集团,
3353,601995,中金公司,
3354,601996,丰林集团,
3355,601997,贵阳银行,
3356,601998,中信银行,
3357,601999,出版传媒,
3358,603000,人民网,
3359,603001,奥康国际,
3360,603002,宏昌电子,
3361,603003,龙宇燃油,
3362,603005,晶方科技,
3363,603006,联明股份,
3364,603007,花王股份,
3365,603008,喜临门,
3366,603009,北特科技,
3367,603010,万盛股份,
3368,603011,合锻智能,
3369,603012,创力集团,
3370,603013,亚普股份,
3371,603015,弘讯科技,
3372,603016,新宏泰,
3373,603017,中衡设计,
3374,603018,华设集团,
3375,603019,中科曙光,
3376,603020,爱普股份,
3377,603021,山东华鹏,
3378,603022,新通联,
3379,603023,威帝股份,
3380,603025,大豪科技,
3381,603026,石大胜华,
3382,603027,千禾味业,
3383,603028,赛福天,
3384,603029,天鹅股份,
3385,603030,全筑股份,
3386,603031,安德利,
3387,603032,德新交运,
3388,603033,三维股份,
3389,603035,常熟汽饰,
3390,603036,如通股份,
3391,603037,凯众股份,
3392,603038,华立股份,
3393,603039,泛微网络,
3394,603040,新坐标,
3395,603041,美思德,
3396,603042,华脉科技,
3397,603043,广州酒家,
3398,603045,福达合金,
3399,603050,科林电气,
3400,603053,成都燃气,
3401,603055,台华新材,
3402,603056,德邦股份,
3403,603058,永吉股份,
3404,603059,倍加洁,
3405,603060,国检集团,
3406,603063,禾望电气,
3407,603066,音飞储存,
3408,603067,振华股份,
3409,603068,博通集成,
3410,603069,海汽集团,
3411,603076,乐惠国际,
3412,603077,和邦生物,
3413,603078,江化微,
3414,603079,圣达生物,
3415,603080,新疆火炬,
3416,603081,大丰实业,
3417,603083,剑桥科技,
3418,603085,天成自控,
3419,603086,先达股份,
3420,603087,甘李药业,
3421,603088,宁波精达,
3422,603089,正裕工业,
3423,603090,宏盛股份,
3424,603093,南华期货,
3425,603095,越剑智能,
3426,603096,新经典,
3427,603098,森特股份,
3428,603099,长白山,
3429,603100,川仪股份,
3430,603101,汇嘉时代,
3431,603103,横店影视,
3432,603105,芯能科技,
3433,603106,恒银科技,
3434,603108,润达医疗,
3435,603109,神驰机电,
3436,603110,东方材料,
3437,603111,康尼机电,
3438,603112,华翔股份,
3439,603113,金能科技,
3440,603115,海星股份,
3441,603116,红蜻蜓,
3442,603117,万林物流,
3443,603118,共进股份,
3444,603121,华培动力,
3445,603123,翠微股份,
3446,603126,中材节能,
3447,603127,昭衍新药,
3448,603128,华贸物流,
3449,603129,春风动力,
3450,603131,上海沪工,
3451,603133,碳元科技,
3452,603136,天目湖,
3453,603138,海量数据,
3454,603139,康惠制药,
3455,603155,新亚强,
3456,603156,养元饮品,
3457,603157,*ST拉夏,
3458,603158,腾龙股份,
3459,603159,上海亚虹,
3460,603160,汇顶科技,
3461,603161,科华控股,
3462,603165,荣晟环保,
3463,603166,福达股份,
3464,603167,渤海轮渡,
3465,603168,莎普爱思,
3466,603169,兰石重装,
3467,603177,德创环保,
3468,603178,圣龙股份,
3469,603179,新泉股份,
3470,603180,金牌厨柜,
3471,603181,皇马科技,
3472,603183,建研院,
3473,603185,上机数控,
3474,603186,华正新材,
3475,603187,海容冷链,
3476,603188,ST亚邦,
3477,603189,网达软件,
3478,603192,汇得科技,
3479,603195,公牛集团,
3480,603196,日播时尚,
3481,603197,保隆科技,
3482,603198,迎驾贡酒,
3483,603199,九华旅游,
3484,603200,上海洗霸,
3485,603203,快克股份,
3486,603208,江山欧派,
3487,603212,赛伍技术,
3488,603214,爱婴室,
3489,603217,元利科技,
3490,603218,日月股份,
3491,603220,中贝通信,
3492,603221,爱丽家居,
3493,603222,济民制药,
3494,603223,恒通股份,
3495,603225,新凤鸣,
3496,603226,菲林格尔,
3497,603227,雪峰科技,
3498,603228,景旺电子,
3499,603229,奥翔药业,
3500,603232,格尔软件,
3501,603233,大参林,
3502,603236,移远通信,
3503,603238,诺邦股份,
3504,603239,浙江仙通,
3505,603256,宏和科技,
3506,603258,电魂网络,
3507,603259,药明康德,
3508,603260,合盛硅业,
3509,603266,天龙股份,
3510,603267,鸿远电子,
3511,603268,松发股份,
3512,603269,海鸥股份,
3513,603277,银都股份,
3514,603278,大业股份,
3515,603279,景津环保,
3516,603283,赛腾股份,
3517,603286,日盈电子,
3518,603288,海天味业,
3519,603289,泰瑞机器,
3520,603290,斯达半导,
3521,603297,永新光学,
3522,603298,杭叉集团,
3523,603299,苏盐井神,
3524,603300,华铁应急,
3525,603301,振德医疗,
3526,603303,得邦照明,
3527,603305,旭升股份,
3528,603306,华懋科技,
3529,603308,应流股份,
3530,603309,维力医疗,
3531,603311,金海高科,
3532,603313,梦百合,
3533,603315,福鞍股份,
3534,603316,诚邦股份,
3535,603317,天味食品,
3536,603318,派思股份,
3537,603319,湘油泵,
3538,603320,迪贝电气,
3539,603321,梅轮电梯,
3540,603322,超讯通信,
3541,603323,苏农银行,
3542,603326,我乐家居,
3543,603327,福蓉科技,
3544,603328,依顿电子,
3545,603329,上海雅仕,
3546,603330,上海天洋,
3547,603331,百达精工,
3548,603332,苏州龙杰,
3549,603333,尚纬股份,
3550,603335,迪生力,
3551,603336,宏辉果蔬,
3552,603337,杰克股份,
3553,603338,浙江鼎力,
3554,603339,四方科技,
3555,603345,安井食品,
3556,603348,文灿股份,
3557,603351,威尔药业,
3558,603353,和顺石油,
3559,603355,莱克电气,
3560,603356,华菱精工,
3561,603357,设计总院,
3562,603358,华达科技,
3563,603359,东珠生态,
3564,603360,百傲化学,
3565,603363,傲农生物,
3566,603365,水星家纺,
3567,603366,日出东方,
3568,603367,辰欣药业,
3569,603368,柳药股份,
3570,603369,今世缘,
3571,603377,东方时尚,
3572,603378,亚士创能,
3573,603379,三美股份,
3574,603380,易德龙,
3575,603383,顶点软件,
3576,603385,惠达卫浴,
3577,603386,广东骏亚,
3578,603387,基蛋生物,
3579,603388,元成股份,
3580,603389,*ST亚振,
3581,603390,通达电气,
3582,603392,万泰生物,
3583,603393,新天然气,
3584,603396,金辰股份,
3585,603398,邦宝益智,
3586,603399,吉翔股份,
3587,603408,建霖家居,
3588,603416,信捷电气,
3589,603421,鼎信通讯,
3590,603429,集友股份,
3591,603439,贵州三力,
3592,603444,吉比特,
3593,603456,九洲药业,
3594,603458,勘设股份,
3595,603466,风语筑,
3596,603477,巨星农牧,
3597,603486,科沃斯,
3598,603488,展鹏科技,
3599,603489,八方股份,
3600,603496,恒为科技,
3601,603499,翔港科技,
3602,603500,祥和实业,
3603,603501,韦尔股份,
3604,603505,金石资源,
3605,603506,南都物业,
3606,603507,振江股份,
3607,603508,思维列控,
3608,603515,欧普照明,
3609,603516,淳中科技,
3610,603517,绝味食品,
3611,603518,锦泓集团,
3612,603519,立霸股份,
3613,603520,司太立,
3614,603527,众源新材,
3615,603528,多伦科技,
3616,603530,神马电力,
3617,603533,掌阅科技,
3618,603535,嘉诚国际,
3619,603536,惠发食品,
3620,603538,美诺华,
3621,603551,奥普家居,
3622,603555,*ST贵人,
3623,603556,海兴电力,
3624,603557,起步股份,
3625,603558,健盛集团,
3626,603559,中通国脉,
3627,603565,中谷物流,
3628,603566,普莱柯,
3629,603567,珍宝岛,
3630,603568,伟明环保,
3631,603569,长久物流,
3632,603577,汇金通,
3633,603578,三星新材,
3634,603579,荣泰健康,
3635,603580,艾艾精工,
3636,603583,捷昌驱动,
3637,603585,苏利股份,
3638,603586,金麒麟,
3639,603587,地素时尚,
3640,603588,高能环境,
3641,603589,口子窖,
3642,603590,康辰药业,
3643,603595,东尼电子,
3644,603596,伯特利  ,
3645,603598,引力传媒,
3646,603599,广信股份,
3647,603600,永艺股份,
3648,603601,再升科技,
3649,603602,纵横通信,
3650,603603,博天环境,
3651,603605,珀莱雅,
3652,603606,东方电缆,
3653,603607,京华激光,
3654,603608,天创时尚,
3655,603609,禾丰牧业,
3656,603610,麒盛科技,
3657,603611,诺力股份,
3658,603612,索通发展,
3659,603613,国联股份,
3660,603615,茶花股份,
3661,603616,韩建河山,
3662,603617,君禾股份,
3663,603618,杭电股份,
3664,603619,中曼石油,
3665,603626,科森科技,
3666,603628,清源股份,
3667,603629,利通电子,
3668,603630,拉芳家化,
3669,603633,徕木股份,
3670,603636,南威软件,
3671,603637,镇海股份,
3672,603638,艾迪精密,
3673,603639,海利尔,
3674,603648,畅联股份,
3675,603650,彤程新材,
3676,603655,朗博科技,
3677,603656,泰禾智能,
3678,603657,春光科技,
3679,603658,安图生物,
3680,603659,璞泰来,
3681,603660,苏州科达,
3682,603661,恒林股份,
3683,603662,柯力传感,
3684,603663,三祥新材,
3685,603665,康隆达,
3686,603666,亿嘉和,
3687,603667,五洲新春,
3688,603668,天马科技,
3689,603669,灵康药业,
3690,603676,卫信康,
3691,603677,奇精机械,
3692,603678,火炬电子,
3693,603679,华体科技,
3694,603680,今创集团,
3695,603681,永冠新材,
3696,603682,锦和商业,
3697,603683,晶华新材,
3698,603685,晨丰科技,
3699,603686,龙马环卫,
3700,603687,大胜达,
3701,603688,石英股份,
3702,603689,皖天然气,
3703,603690,至纯科技,
3704,603693,江苏新能,
3705,603696,安记食品,
3706,603697,有友食品,
3707,603698,航天工程,
3708,603699,纽威股份,
3709,603700,宁水集团,
3710,603701,德宏股份,
3711,603703,盛洋科技,
3712,603706,东方环宇,
3713,603707,健友股份,
3714,603708,家家悦,
3715,603709,中源家居,
3716,603711,香飘飘,
3717,603712,七一二,
3718,603713,密尔克卫,
3719,603716,塞力医疗,
3720,603717,天域生态,
3721,603718,海利生物,
3722,603719,良品铺子,
3723,603721,中广天择,
3724,603722,阿科力,
3725,603725,天安新材,
3726,603726,朗迪集团,
3727,603727,博迈科,
3728,603728,鸣志电器,
3729,603729,龙韵股份,
3730,603730,岱美股份,
3731,603733,仙鹤股份,
3732,603737,三棵树,
3733,603738,泰晶科技,
3734,603739,蔚蓝生物,
3735,603755,日辰股份,
3736,603757,大元泵业,
3737,603758,秦安股份,
3738,603766,隆鑫通用,
3739,603767,中马传动,
3740,603768,常青股份,
3741,603773,沃格光电,
3742,603776,永安行,
3743,603777,来伊份,
3744,603778,乾景园林,
3745,603779,ST威龙,
3746,603786,科博达,
3747,603787,新日股份,
3748,603788,宁波高发,
3749,603789,星光农机,
3750,603790,雅运股份,
3751,603797,联泰环保,
3752,603798,康普顿,
3753,603799,华友钴业,
3754,603800,道森股份,
3755,603801,志邦家居,
3756,603803,瑞斯康达,
3757,603806,福斯特,
3758,603808,歌力思,
3759,603809,豪能股份,
3760,603810,丰山集团,
3761,603811,诚意药业,
3762,603813,原尚股份,
3763,603815,交建股份,
3764,603816,顾家家居,
3765,603817,海峡环保,
3766,603818,曲美家居,
3767,603819,神力股份,
3768,603822,嘉澳环保,
3769,603823,百合花,
3770,603825,华扬联众,
3771,603826,坤彩科技,
3772,603828,柯利达,
3773,603829,洛凯股份,
3774,603833,欧派家居,
3775,603838,四通股份,
3776,603839,安正时尚,
3777,603843,正平股份,
3778,603848,好太太,
3779,603855,华荣股份,
3780,603856,东宏股份,
3781,603858,步长制药,
3782,603859,能科股份,
3783,603860,中公高科,
3784,603861,白云电器,
3785,603863,松炀资源,
3786,603866,桃李面包,
3787,603867,新化股份,
3788,603868,飞科电器,
3789,603869,新智认知,
3790,603871,嘉友国际,
3791,603876,鼎胜新材,
3792,603877,太平鸟,
3793,603878,武进不锈,
3794,603879,永悦科技,
3795,603880,南卫股份,
3796,603881,数据港,
3797,603882,金域医学,
3798,603883,老百姓,
3799,603885,吉祥航空,
3800,603886,元祖股份,
3801,603887,城地香江,
3802,603888,新华网,
3803,603889,新澳股份,
3804,603890,春秋电子,
3805,603893,瑞芯微,
3806,603895,天永智能,
3807,603896,寿仙谷,
3808,603897,长城科技,
3809,603898,好莱客,
3810,603899,晨光文具,
3811,603900,莱绅通灵,
3812,603901,永创智能,
3813,603903,中持股份,
3814,603906,龙蟠科技,
3815,603908,牧高笛,
3816,603909,合诚股份,
3817,603912,佳力图,
3818,603915,国茂股份,
3819,603916,苏博特,
3820,603917,合力科技,
3821,603918,金桥信息,
3822,603919,金徽酒,
3823,603920,世运电路,
3824,603922,金鸿顺,
3825,603926,铁流股份,
3826,603927,中科软,
3827,603928,兴业股份,
3828,603929,亚翔集成,
3829,603931,格林达,
3830,603933,睿能科技,
3831,603936,博敏电子,
3832,603937,丽岛新材,
3833,603938,三孚股份,
3834,603939,益丰药房,
3835,603948,建业股份,
3836,603949,雪龙集团,
3837,603950,长源东谷,
3838,603955,大千生态,
3839,603956,威派格,
3840,603958,哈森股份,
3841,603959,百利科技,
3842,603960,克来机电,
3843,603963,大理药业,
3844,603966,法兰泰克,
3845,603967,中创物流,
3846,603968,醋化股份,
3847,603969,银龙股份,
3848,603970,中农立华,
3849,603976,正川股份,
3850,603977,国泰集团,
3851,603978,深圳新星,
3852,603979,金诚信,
3853,603980,吉华集团,
3854,603982,泉峰汽车,
3855,603983,丸美股份,
3856,603985,恒润股份,
3857,603986,兆易创新,
3858,603987,康德莱,
3859,603988,中电电机,
3860,603989,艾华集团,
3861,603990,麦迪科技,
3862,603991,至正股份,
3863,603992,松霖科技,
3864,603993,洛阳钼业,
3865,603995,甬金股份,
3866,603996,*ST中新,
3867,603997,继峰股份,
3868,603998,方盛制药,
3869,603999,读者传媒,
3870,605001,威奥股份,
3871,605003,众望布艺,
3872,605006,山东玻纤,
3873,605007,五洲特纸,
3874,605008,长鸿高科,
3875,605009,豪悦护理,
3876,605018,长华股份,
3877,605050,福然德,
3878,605058,澳弘电子,
3879,605066,天正电气,
3880,605068,明新旭腾,
3881,605088,冠盛股份,
3882,605099,共创草坪,
3883,605100,华丰股份,
3884,605108,同庆楼,
3885,605111,新洁能,
3886,605116,奥锐特,
3887,605118,力鼎光电,
3888,605123,派克新材,
3889,605128,上海沿浦,
3890,605136,丽人丽妆,
3891,605151,西上海,
3892,605155,西大门,
3893,605158,华达新材,
3894,605166,聚合顺,
3895,605168,三人行,
3896,605169,洪通燃气,
3897,605177,东亚药业,
3898,605178,时空科技,
3899,605179,一鸣食品,
3900,605183,确成股份,
3901,605186,健麾信息,
3902,605188,国光连锁,
3903,605198,德利股份,
3904,605199,葫芦娃,
3905,605218,伟时电子,
3906,605222,起帆电缆,
3907,605255,天普股份,
3908,605258,协和电子,
3909,605266,健之佳,
3910,605277,新亚电子,
3911,605288,凯迪股份,
3912,605299,舒华体育,
3913,605318,法狮龙,
3914,605333,沪光股份,
3915,605336,帅丰电器,
3916,605338,巴比食品,
3917,605358,立昂微,
3918,605366,宏柏新材,
3919,605369,拱东医疗,
3920,605376,博迁新材,
3921,605377,华旺科技,
3922,605388,均瑶健康,
3923,605399,晨光新材,
3924,605500,森林包装,
3925,688001,华兴源创,
3926,688002,睿创微纳,
3927,688003,天准科技,
3928,688004,博汇科技,
3929,688005,容百科技,
3930,688006,杭可科技,
3931,688007,光峰科技,
3932,688008,澜起科技,
3933,688009,中国通号,
3934,688010,福光股份,
3935,688011,新光光电,
3936,688012,中微公司,
3937,688013,天臣医疗,
3938,688015,交控科技,
3939,688016,心脉医疗,
3940,688017,绿的谐波,
3941,688018,乐鑫科技,
3942,688019,安集科技,
3943,688020,方邦股份,
3944,688021,奥福环保,
3945,688022,瀚川智能,
3946,688023,安恒信息,
3947,688025,杰普特,
3948,688026,洁特生物,
3949,688027,国盾量子,
3950,688028,沃尔德,
3951,688029,南微医学,
3952,688030,山石网科,
3953,688033,天宜上佳,
3954,688036,传音控股,
3955,688037,芯源微,
3956,688039,当虹科技,
3957,688050,爱博医疗,
3958,688051,佳华科技,
3959,688055,龙腾光电,
3960,688056,莱伯泰科,
3961,688057,金达莱,
3962,688058,宝兰德,
3963,688060,云涌科技,
3964,688063,派能科技,
3965,688065,凯赛生物,
3966,688066,航天宏图,
3967,688068,热景生物,
3968,688069,德林海,
3969,688077,大地熊,
3970,688078,龙软科技,
3971,688080,映翰通,
3972,688081,兴图新科,
3973,688085,三友医疗,
3974,688086,紫晶存储,
3975,688088,虹软科技,
3976,688089,嘉必优,
3977,688090,瑞松科技,
3978,688093,世华科技,
3979,688095,福昕软件,
3980,688096,京源环保,
3981,688098,申联生物,
3982,688099,晶晨股份,
3983,688100,威胜信息,
3984,688101,三达膜,
3985,688106,金宏气体,
3986,688108,赛诺医疗,
3987,688111,金山办公,
3988,688116,天奈科技,
3989,688118,普元信息,
3990,688122,西部超导,
3991,688123,聚辰股份,
3992,688126,沪硅产业,
3993,688127,蓝特光学,
3994,688128,中国电研,
3995,688129,东来技术,
3996,688133,泰坦科技,
3997,688135,利扬芯片,
3998,688136,科兴制药,
3999,688138,清溢光电,
4000,688139,海尔生物,
4001,688155,先惠技术,
4002,688156,路德环境,
4003,688157,松井股份,
4004,688158,优刻得,
4005,688159,有方科技,
4006,688160,步科股份,
4007,688165,埃夫特,
4008,688166,博瑞医药,
4009,688168,安博通,
4010,688169,石头科技,
4011,688177,百奥泰,
4012,688178,万德斯,
4013,688179,阿拉丁,
4014,688180,君实生物,
4015,688181,八亿时空,
4016,688185,康希诺,
4017,688186,广大特材,
4018,688188,柏楚电子,
4019,688189,南新制药,
4020,688196,卓越新能,
4021,688198,佰仁医疗,
4022,688199,久日新材,
4023,688200,华峰测控,
4024,688202,美迪西,
4025,688208,道通科技,
4026,688215,瑞晟智能,
4027,688218,江苏北人,
4028,688219,会通股份,
4029,688221,前沿生物,
4030,688222,成都先导,
4031,688228,开普云,
4032,688229,博睿数据,
4033,688233,神工股份,
4034,688256,寒武纪,
4035,688258,卓易信息,
4036,688266,泽璟制药,
4037,688268,华特气体,
4038,688277,天智航,
4039,688278,特宝生物,
4040,688286,敏芯股份,
4041,688288,鸿泉物联,
4042,688289,圣湘生物,
4043,688298,东方生物,
4044,688299,长阳科技,
4045,688300,联瑞新材,
4046,688301,奕瑞科技,
4047,688308,欧科亿,
4048,688309,恒誉环保,
4049,688310,迈得医疗,
4050,688311,盟升电子,
4051,688312,燕麦科技,
4052,688313,仕佳光子,
4053,688318,财富趋势,
4054,688321,微芯生物,
4055,688330,宏力达,
4056,688333,铂力特,
4057,688335,复洁环保,
4058,688336,三生国健,
4059,688338,赛科希德,
4060,688339,亿华通,
4061,688356,键凯科技,
4062,688357,建龙微纳,
4063,688358,祥生医疗,
4064,688360,德马科技,
4065,688363,华熙生物,
4066,688365,光云科技,
4067,688366,昊海生科,
4068,688368,晶丰明源,
4069,688369,致远互联,
4070,688377,迪威尔,
4071,688378,奥来德,
4072,688379,华光新材,
4073,688386,泛亚微透,
4074,688388,嘉元科技,
4075,688389,普门科技,
4076,688390,固德威,
4077,688393,安必平,
4078,688396,华润微,
4079,688398,赛特新材,
4080,688399,硕世生物,
4081,688408,中信博,
4082,688418,震有科技,
4083,688466,金科环境,
4084,688488,艾迪药业,
4085,688500,慧辰资讯,
4086,688505,复旦张江,
4087,688508,芯朋微,
4088,688510,航亚科技,
4089,688513,苑东生物,
4090,688516,奥特维,
4091,688518,联赢激光,
4092,688519,南亚新材,
4093,688520,神州细胞,
4094,688521,芯原股份,
4095,688526,科前生物,
4096,688528,秦川物联,
4097,688529,豪森股份,
4098,688536,思瑞浦,
4099,688550,瑞联新材,
4100,688551,科威尔,
4101,688555,泽达易盛,
4102,688556,高测股份,
4103,688557,兰剑智能,
4104,688558,国盛智科,
4105,688559,海目星,
4106,688560,明冠新材,
4107,688561,奇安信,
4108,688566,吉贝尔,
4109,688567,孚能科技,
4110,688568,中科星图,
4111,688569,铁科轨道,
4112,688571,杭华股份,
4113,688577,浙海德曼,
4114,688578,艾力斯,
4115,688579,山大地纬,
4116,688580,伟思医疗,
4117,688585,上纬新材,
4118,688586,江航装备,
4119,688588,凌志软件,
4120,688589,力合微,
4121,688590,新致软件,
4122,688595,芯海科技,
4123,688596,正帆科技,
4124,688598,金博股份,
4125,688599,天合光能,
4126,688600,皖仪科技,
4127,688608,恒玄科技,
4128,688617,惠泰医疗,
4129,688618,三旺通信,
4130,688658,悦康药业,
4131,688668,鼎通科技,
4132,688678,福立旺,
4133,688679,通源环境,
4134,688686,奥普特,
4135,688698,伟创电气,
4136,688699,明微电子,
4137,688777,中控技术,
4138,688788,科思科技,
4139,688981,中芯国际,
4140,689009,九号公司,
